program	top_n	stage	frequency
NTM1_ASD_up	200	early_prenatal	0.103
NTM1_ASD_up	200	mid_prenatal	0.002
NTM1_ASD_up	200	late_prenatal	0.895
NTM1_ASD_up	200	early_postnatal	0.0
NTM1_ASD_up	200	childhood_adolescence	0.0
NTM1_ASD_up	200	adulthood	0.0
NTM1_ASD_up	500	early_prenatal	0.003
NTM1_ASD_up	500	mid_prenatal	0.0
NTM1_ASD_up	500	late_prenatal	0.997
NTM1_ASD_up	500	early_postnatal	0.0
NTM1_ASD_up	500	childhood_adolescence	0.0
NTM1_ASD_up	500	adulthood	0.0
NTM2_ASD_down	200	early_prenatal	0.0
NTM2_ASD_down	200	mid_prenatal	0.0
NTM2_ASD_down	200	late_prenatal	0.0
NTM2_ASD_down	200	early_postnatal	0.0
NTM2_ASD_down	200	childhood_adolescence	0.0
NTM2_ASD_down	200	adulthood	1.0
NTM2_ASD_down	500	early_prenatal	0.0
NTM2_ASD_down	500	mid_prenatal	0.0
NTM2_ASD_down	500	late_prenatal	0.0
NTM2_ASD_down	500	early_postnatal	0.0
NTM2_ASD_down	500	childhood_adolescence	0.0
NTM2_ASD_down	500	adulthood	1.0
NTM3_ASD_signed	200	early_prenatal	0.205
NTM3_ASD_signed	200	mid_prenatal	0.005
NTM3_ASD_signed	200	late_prenatal	0.701
NTM3_ASD_signed	200	early_postnatal	0.085
NTM3_ASD_signed	200	childhood_adolescence	0.0
NTM3_ASD_signed	200	adulthood	0.004
NTM3_ASD_signed	500	early_prenatal	0.031
NTM3_ASD_signed	500	mid_prenatal	0.0
NTM3_ASD_signed	500	late_prenatal	0.969
NTM3_ASD_signed	500	early_postnatal	0.0
NTM3_ASD_signed	500	childhood_adolescence	0.0
NTM3_ASD_signed	500	adulthood	0.0
