program	top_n	readout	localization_contrast
NTM1_ASD_up	200	q_pos	0.16788739783746481
NTM1_ASD_up	200	q_neg	
NTM1_ASD_up	500	q_pos	0.23728173036701261
NTM1_ASD_up	500	q_neg	
NTM2_ASD_down	200	q_pos	
NTM2_ASD_down	200	q_neg	-0.21959237511653151
NTM2_ASD_down	500	q_pos	
NTM2_ASD_down	500	q_neg	-0.28724297605080351
NTM3_ASD_signed	200	q_pos	0.16376818533197701
NTM3_ASD_signed	200	q_neg	-0.1608238462483452
NTM3_ASD_signed	500	q_pos	0.21442780170619499
NTM3_ASD_signed	500	q_neg	-0.2118266987837335
NTM1_ASD_up	200	q_magnitude	0.16788739783746481
NTM1_ASD_up	500	q_magnitude	0.23728173036701261
NTM2_ASD_down	200	q_magnitude	-0.21959237511653151
NTM2_ASD_down	500	q_magnitude	-0.28724297605080351
NTM3_ASD_signed	200	q_magnitude	-0.0027303569543465
NTM3_ASD_signed	500	q_magnitude	-0.012955690717604801
NTM1_ASD_up	200	q_signed	0.16788739783747
NTM1_ASD_up	500	q_signed	0.23728173036701999
NTM2_ASD_down	200	q_signed	0.2195923751165347
NTM2_ASD_down	500	q_signed	0.28724297605080379
NTM3_ASD_signed	200	q_signed	0.22995784852477569
NTM3_ASD_signed	500	q_signed	0.302602029483521
