program	top_n	channel	channel_present	n_restart_genes	channel_mass_before_normalization	channel_mass_share_of_total_abs_weight	top_stage	top_stage_channel_cosine	prenatal_localization	postnatal_localization	localization_contrast	prenatal_or_postnatal
NTM1_ASD_up	50	positive	1	14	59.57097001346482	1.0	late_prenatal	0.1315945774585259	0.07610760820589879	-0.03853395732442686	0.11464156553032565	prenatal
NTM1_ASD_up	50	negative	0	0	0.0	0.0	NA					NA
NTM1_ASD_up	100	positive	1	29	115.47249261986218	1.0	late_prenatal	0.1574181250638206	0.10293142286838802	-0.06088329257223765	0.16381471544062567	prenatal
NTM1_ASD_up	100	negative	0	0	0.0	0.0	NA					NA
NTM1_ASD_up	200	positive	1	59	214.83815378767332	1.0	late_prenatal	0.20191718161965638	0.11373966459380046	-0.05414773324366438	0.16788739783746484	prenatal
NTM1_ASD_up	200	negative	0	0	0.0	0.0	NA					NA
NTM1_ASD_up	500	positive	1	142	451.3280217248466	1.0	late_prenatal	0.29358652012488146	0.16175734200767658	-0.07552438835933602	0.2372817303670126	prenatal
NTM1_ASD_up	500	negative	0	0	0.0	0.0	NA					NA
NTM2_ASD_down	50	positive	0	0	0.0	0.0	NA					NA
NTM2_ASD_down	50	negative	1	23	93.46590851081164	1.0	adulthood	0.12633825925291847	-0.08603559941982632	0.0750056170243724	-0.16104121644419872	postnatal
NTM2_ASD_down	100	positive	0	0	0.0	0.0	NA					NA
NTM2_ASD_down	100	negative	1	38	144.98588994985843	1.0	adulthood	0.14745380383170292	-0.09749540772773685	0.08521955137984409	-0.18271495910758095	postnatal
NTM2_ASD_down	200	positive	0	0	0.0	0.0	NA					NA
NTM2_ASD_down	200	negative	1	72	247.255806741352	1.0	adulthood	0.1759061791941462	-0.1111451878374675	0.10844718727906404	-0.21959237511653154	postnatal
NTM2_ASD_down	500	positive	0	0	0.0	0.0	NA					NA
NTM2_ASD_down	500	negative	1	192	553.6267401971854	1.0	adulthood	0.2310596365612598	-0.14400238778243563	0.14324058826836794	-0.28724297605080357	postnatal
NTM3_ASD_signed	50	positive	1	7	31.482035638785028	0.4658259385616774	late_prenatal	0.08563374244180401	0.05173172764704418	-0.02254158941533203	0.0742733170623762	prenatal
NTM3_ASD_signed	50	negative	1	8	36.10122461501612	0.5341740614383227	adulthood	0.062096462788895065	-0.0383510589554704	0.039376276131373115	-0.07772733508684351	postnatal
NTM3_ASD_signed	100	positive	1	18	74.9348167736604	0.525176126498508	late_prenatal	0.1292024118114975	0.08112956206941661	-0.04712228054293347	0.1282518426123501	prenatal
NTM3_ASD_signed	100	negative	1	16	67.750299690546	0.474823873501492	adulthood	0.09658931952052004	-0.06061256344766821	0.052594281840735696	-0.11320684528840391	postnatal
NTM3_ASD_signed	200	positive	1	33	129.3877569117961	0.5303343783344228	late_prenatal	0.1678684749728514	0.10492152216111411	-0.05884666317086292	0.16376818533197704	prenatal
NTM3_ASD_signed	200	negative	1	29	114.58616255794202	0.4696656216655772	adulthood	0.12737850979174362	-0.08477476574422006	0.07604908050412514	-0.1608238462483452	postnatal
NTM3_ASD_signed	500	positive	1	93	318.3688751203782	0.5744661221409072	late_prenatal	0.26010486150340717	0.14547474847585598	-0.06895305323033903	0.21442780170619502	prenatal
NTM3_ASD_signed	500	negative	1	68	235.8306900931253	0.4255338778590927	adulthood	0.16998660003626506	-0.10677823434842532	0.10504846443530823	-0.21182669878373356	postnatal
