cohort	program	top_n	NATIVE_SIGNED_MODULE_standardized_beta	NATIVE_SIGNED_MODULE_standardized_SE	NATIVE_SIGNED_MODULE_t	NATIVE_SIGNED_MODULE_p	NATIVE_SIGNED_MODULE_fdr	NATIVE_SIGNED_MODULE_score_SD	NATIVE_SIGNED_MODULE_n_common	SIGNED_GENE_PPR_standardized_beta	SIGNED_GENE_PPR_standardized_SE	SIGNED_GENE_PPR_t	SIGNED_GENE_PPR_p	SIGNED_GENE_PPR_fdr	SIGNED_GENE_PPR_score_SD	SIGNED_GENE_PPR_n_common	UNSIGNED_GENE_PPR_standardized_beta	UNSIGNED_GENE_PPR_standardized_SE	UNSIGNED_GENE_PPR_t	UNSIGNED_GENE_PPR_p	UNSIGNED_GENE_PPR_fdr	UNSIGNED_GENE_PPR_score_SD	UNSIGNED_GENE_PPR_n_common	delta_standardized_beta_signed_minus_native	delta_standardized_beta_unsigned_minus_native	delta_standardized_beta_signed_minus_unsigned	sign_concordant_standardized_signed_vs_native	sign_concordant_standardized_unsigned_vs_native
GSE102741	NTM1_ASD_up	200	0.3716235179702303	0.33260995355873541	1.1172952402478404	0.2695471494127441	0.4620808275647042	0.79175063461600559	115	0.2713239689352932	0.33719376624883229	0.80465298025429555	0.4250716749637527	0.58491128757269106	0.78781089558898598	5000	0.2713239689352932	0.33719376624883229	0.80465298025429555	0.4250716749637527	0.58491128757269106	0.78781089558898598	5000	-0.100299549034937	-0.100299549034937	0	1	1
GSE102741	NTM1_ASD_up	500	0.35153655648475829	0.33210126617511732	1.0585221806995242	0.2952275143067935	0.48309956886566208	0.79633184113309541	270	0.26532591667459787	0.33676388887519337	0.78786926223235665	0.43472882540845692	0.58491128757269106	0.78921758661366193	5000	0.26532591667459787	0.33676388887519337	0.78786926223235665	0.43472882540845692	0.58491128757269106	0.78921758661366193	5000	-0.086210639810160403	-0.086210639810160403	0	1	1
GSE102741	NTM2_ASD_down	200	0.080391961020029407	0.33695689656468147	0.23858232859940159	0.81246668085284246	0.92418612882026763	0.83203287855736052	142	0.023748296954185899	0.34092704857713851	0.0696580017728122	0.94476140662856278	0.95497674557302858	0.80367419541067386	5000	-0.023748296954185899	0.34092704857713851	-0.0696580017728122	0.94476140662856278	0.95497674557302858	0.80367419541067386	5000	-0.056643664065843403	-0.10414025797421531	0.047496593908371902	1	0
GSE102741	NTM2_ASD_down	500	0.076613616314486002	0.3376791654035004	0.22688286445786099	0.82149878117357122	0.92418612882026763	0.83486306052576043	362	0.019350610810583702	0.34091793684583649	0.056760318889686502	0.95497674557302858	0.95497674557302858	0.79969185928113073	5000	-0.019350610810583702	0.34091793684583649	-0.056760318889686502	0.95497674557302858	0.95497674557302858	0.79969185928113073	5000	-0.057263005503902301	-0.095964227125069704	0.038701221621167403	1	0
GSE102741	NTM3_ASD_signed	200	0.60988395727680034	0.31664629338142342	1.9260732559472935	0.0601557663924202	0.12738868177218399	0.34431416484695743	120	0.46861557898075201	0.32312343742208988	1.4502679926885298	0.15362497335153991	0.28199084664450302	0.27240035594778039	5000	0.1108125158139371	0.34080353234521599	0.32515072555553759	0.74651001566141528	0.89581201879369832	0.76600577300042005	5000	-0.14126837829604821	-0.4990714414628632	0.35780306316681498	1	1
GSE102741	NTM3_ASD_signed	500	0.58033138253398242	0.31805032696097713	1.8246526833634904	0.074413314713584006	0.14882662942716809	0.33250952801251388	306	0.46476039642351141	0.32288241568871467	1.4394106765838213	0.15666158146916831	0.28199084664450302	0.26823135224795541	5000	0.1255971709869787	0.340437798721208	0.36892839590304422	0.71383789860114855	0.88614359826349476	0.75632873915250698	5000	-0.11557098611047099	-0.45473421154700361	0.3391632254365326	1	1
GSE64018	NTM1_ASD_up	200	1.4483470185573546	0.33412086720595507	4.3347996510034816	0.00039909973365729999	0.0053888624791203002	0.74730145256394209	115	1.2906979892227306	0.37956336861407219	3.4004809103037306	0.0031881118905007001	0.016175291497909399	0.50657061302526474	5000	1.2906979892227306	0.37956336861407219	3.4004809103037306	0.0031881118905007001	0.016175291497909399	0.50657061302526474	5000	-0.15764902933462399	-0.15764902933462399	0	1	1
GSE64018	NTM1_ASD_up	500	1.4382188778112257	0.3402991910409689	4.2263364582552807	0.00050764079638230002	0.0053888624791203002	0.73184674158964458	270	1.2606970022900974	0.38766173545356919	3.2520542704971014	0.0044253364590259997	0.016175291497909399	0.49067946353492231	5000	1.2606970022900974	0.38766173545356919	3.2520542704971014	0.0044253364590259997	0.016175291497909399	0.49067946353492231	5000	-0.177521875521128	-0.177521875521128	0	1	1
GSE64018	NTM2_ASD_down	200	1.1107183917275405	0.413042288673928	2.6891154300289717	0.0149941148570382	0.049071648623034203	0.59074208370010639	142	1.0829130398977589	0.42065174540549388	2.5743695389968431	0.0190999711402444	0.051649196691751498	0.47398653381850331	5000	-1.0829130398977589	0.42065174540549388	-2.5743695389968431	0.0190999711402444	0.051649196691751498	0.47398653381850331	5000	-0.0278053518297816	-2.1936314316252994	2.1658260797955178	1	0
GSE64018	NTM2_ASD_down	500	1.073316907366562	0.4208537138662235	2.5503325074796335	0.020085798713458902	0.051649196691751498	0.58530051789870319	362	1.0515184205266914	0.42566352324879059	2.4703042734345431	0.023725770522407999	0.053382983675418202	0.456531730895754	5000	-1.0515184205266914	0.42566352324879059	-2.4703042734345431	0.023725770522407999	0.053382983675418202	0.456531730895754	5000	-0.021798486839870599	-2.1248353278932535	2.1030368410533828	1	0
GSE64018	NTM3_ASD_signed	200	1.4668559487923662	0.34018546045189202	4.3119301655157143	0.00041984570892009999	0.0053888624791203002	0.65201032731887631	120	1.2953358585024717	0.38391153614652829	3.3740477598153702	0.0033802430818271	0.016175291497909399	0.50887795507467404	5000	0.23741031289793149	0.48458977983920809	0.48992018151250888	0.63010815991935765	0.81013906275345982	0.20397580439351529	5000	-0.17152009028989479	-1.2294456358944346	1.0579255456045398	1	1
GSE64018	NTM3_ASD_signed	500	1.4408258529721358	0.34701700935893781	4.1520323618540962	0.00059876249768000005	0.0053888624791203002	0.62034999229137944	306	1.2667874402451738	0.39036302735586231	3.2451522082554871	0.0044931365271969996	0.016175291497909399	0.49091299942333178	5000	0.37368964871919269	0.47183999637563689	0.79198383263315886	0.43868346567951833	0.58491128757269106	0.19203444001081421	5000	-0.17403841272696199	-1.0671362042529431	0.89309779152598101	1	1
