benchmark	design	condition	perturbation_dimension	raw_value	within_design_scaled_value
step02A	high-signal design	baseline	batch_sd	0.25	0
step02A	high-signal design	baseline	cohort_noise_sd	0.45000000000000001	0
step02A	high-signal design	baseline	composition_sd	0.20000000000000001	0
step02A	high-signal design	baseline	dropout_rate	0.050000000000000003	0
step02A	high-signal design	baseline	false_prior_rate	0.040000000000000001	0
step02A	high-signal design	high_batch	batch_sd	0.84999999999999998	1
step02A	high-signal design	high_batch	cohort_noise_sd	0.59999999999999998	0.59999999999999998
step02A	high-signal design	high_batch	composition_sd	0.20000000000000001	0
step02A	high-signal design	high_batch	dropout_rate	0.050000000000000003	0
step02A	high-signal design	high_batch	false_prior_rate	0.040000000000000001	0
step02A	high-signal design	composition_shift	batch_sd	0.25	0
step02A	high-signal design	composition_shift	cohort_noise_sd	0.55000000000000004	0.40000000000000024
step02A	high-signal design	composition_shift	composition_sd	0.80000000000000004	1
step02A	high-signal design	composition_shift	dropout_rate	0.050000000000000003	0
step02A	high-signal design	composition_shift	false_prior_rate	0.040000000000000001	0
step02A	high-signal design	high_dropout	batch_sd	0.25	0
step02A	high-signal design	high_dropout	cohort_noise_sd	0.55000000000000004	0.40000000000000024
step02A	high-signal design	high_dropout	composition_sd	0.20000000000000001	0
step02A	high-signal design	high_dropout	dropout_rate	0.29999999999999999	1
step02A	high-signal design	high_dropout	false_prior_rate	0.040000000000000001	0
step02A	high-signal design	false_prior	batch_sd	0.25	0
step02A	high-signal design	false_prior	cohort_noise_sd	0.55000000000000004	0.40000000000000024
step02A	high-signal design	false_prior	composition_sd	0.20000000000000001	0
step02A	high-signal design	false_prior	dropout_rate	0.050000000000000003	0
step02A	high-signal design	false_prior	false_prior_rate	0.22	1
step02A	high-signal design	combined_stress	batch_sd	0.69999999999999996	0.75
step02A	high-signal design	combined_stress	cohort_noise_sd	0.69999999999999996	1
step02A	high-signal design	combined_stress	composition_sd	0.69999999999999996	0.83333333333333315
step02A	high-signal design	combined_stress	dropout_rate	0.25	0.80000000000000004
step02A	high-signal design	combined_stress	false_prior_rate	0.17999999999999999	0.77777777777777768
step02B	challenging-signal design	weak_signal	adversarial_composition	0.25	0
step02B	challenging-signal design	weak_signal	batch_sd	0.65000000000000002	0.33333333333333331
step02B	challenging-signal design	weak_signal	composition_sd	0.55000000000000004	0.076923076923076997
step02B	challenging-signal design	weak_signal	dropout_rate	0.12	0.071428571428571383
step02B	challenging-signal design	weak_signal	false_prior_rate	0.080000000000000002	0
step02B	challenging-signal design	weak_signal	signal_strength	0.41999999999999998	0.28571428571428553
step02B	challenging-signal design	weak_signal	state_overlap	0.45000000000000001	1
step02B	challenging-signal design	weak_signal	true_prior_recall	0.29999999999999999	1
step02B	challenging-signal design	low_overlap	adversarial_composition	0.29999999999999999	0.071428571428571411
step02B	challenging-signal design	low_overlap	batch_sd	0.55000000000000004	0
step02B	challenging-signal design	low_overlap	composition_sd	0.5	0
step02B	challenging-signal design	low_overlap	dropout_rate	0.12	0.071428571428571383
step02B	challenging-signal design	low_overlap	false_prior_rate	0.080000000000000002	0
step02B	challenging-signal design	low_overlap	signal_strength	0.5	0.85714285714285698
step02B	challenging-signal design	low_overlap	state_overlap	0.22	0
step02B	challenging-signal design	low_overlap	true_prior_recall	0.28000000000000003	0.75000000000000044
step02B	challenging-signal design	composition_confounded	adversarial_composition	0.94999999999999996	1
step02B	challenging-signal design	composition_confounded	batch_sd	0.55000000000000004	0
step02B	challenging-signal design	composition_confounded	composition_sd	1.1499999999999999	1
step02B	challenging-signal design	composition_confounded	dropout_rate	0.10000000000000001	0
step02B	challenging-signal design	composition_confounded	false_prior_rate	0.080000000000000002	0
step02B	challenging-signal design	composition_confounded	signal_strength	0.5	0.85714285714285698
step02B	challenging-signal design	composition_confounded	state_overlap	0.41999999999999998	0.86956521739130421
step02B	challenging-signal design	composition_confounded	true_prior_recall	0.29999999999999999	1
step02B	challenging-signal design	high_dropout	adversarial_composition	0.34999999999999998	0.14285714285714282
step02B	challenging-signal design	high_dropout	batch_sd	0.59999999999999998	0.16666666666666649
step02B	challenging-signal design	high_dropout	composition_sd	0.55000000000000004	0.076923076923076997
step02B	challenging-signal design	high_dropout	dropout_rate	0.38	1
step02B	challenging-signal design	high_dropout	false_prior_rate	0.080000000000000002	0
step02B	challenging-signal design	high_dropout	signal_strength	0.47999999999999998	0.71428571428571408
step02B	challenging-signal design	high_dropout	state_overlap	0.40000000000000002	0.78260869565217395
step02B	challenging-signal design	high_dropout	true_prior_recall	0.29999999999999999	1
step02B	challenging-signal design	false_prior_stress	adversarial_composition	0.40000000000000002	0.21428571428571433
step02B	challenging-signal design	false_prior_stress	batch_sd	0.55000000000000004	0
step02B	challenging-signal design	false_prior_stress	composition_sd	0.55000000000000004	0.076923076923076997
step02B	challenging-signal design	false_prior_stress	dropout_rate	0.12	0.071428571428571383
step02B	challenging-signal design	false_prior_stress	false_prior_rate	0.32000000000000001	1
step02B	challenging-signal design	false_prior_stress	signal_strength	0.52000000000000002	1
step02B	challenging-signal design	false_prior_stress	state_overlap	0.41999999999999998	0.86956521739130421
step02B	challenging-signal design	false_prior_stress	true_prior_recall	0.22	0
step02B	challenging-signal design	combined_hard	adversarial_composition	0.90000000000000002	0.92857142857142871
step02B	challenging-signal design	combined_hard	batch_sd	0.84999999999999998	1
step02B	challenging-signal design	combined_hard	composition_sd	1	0.76923076923076938
step02B	challenging-signal design	combined_hard	dropout_rate	0.32000000000000001	0.7857142857142857
step02B	challenging-signal design	combined_hard	false_prior_rate	0.26000000000000001	0.75
step02B	challenging-signal design	combined_hard	signal_strength	0.38	0
step02B	challenging-signal design	combined_hard	state_overlap	0.25	0.13043478260869565
step02B	challenging-signal design	combined_hard	true_prior_recall	0.22	0
