benchmark	condition	method	n_replicates	true_stage_mass_mean
step02A	baseline	DIRECT_NATIVE_PROJECTION	200	0.77724257926353402
step02A	baseline	DUAL_HEAD_GENE_FIRST_PPR	200	0.61815877585756274
step02A	baseline	GENE_ONLY_PPR_STAGE3	200	
step02A	baseline	GRAPH_OT	200	
step02A	baseline	HETERO_PPR_STANDARD	200	
step02A	baseline	LEGACY_NEUROTRACE_SIM_PROXY	200	
step02A	baseline	MEAN_SIGNATURE	200	
step02A	baseline	RANDOM	200	
step02A	baseline	SIGNED_GENE_FIRST_PPR_SINGLE_HEAD	200	0.78458457354513145
step02A	baseline	SIMPLE_OT	200	
step02A	baseline	STAGE_CORRELATION	200	
step02A	baseline	UNSIGNED_GENE_PPR	200	0.61815877585756274
step02A	combined_stress	DIRECT_NATIVE_PROJECTION	200	0.74153566042898977
step02A	combined_stress	DUAL_HEAD_GENE_FIRST_PPR	200	0.62215786569781895
step02A	combined_stress	GENE_ONLY_PPR_STAGE3	200	
step02A	combined_stress	GRAPH_OT	200	
step02A	combined_stress	HETERO_PPR_STANDARD	200	
step02A	combined_stress	LEGACY_NEUROTRACE_SIM_PROXY	200	
step02A	combined_stress	MEAN_SIGNATURE	200	
step02A	combined_stress	RANDOM	200	
step02A	combined_stress	SIGNED_GENE_FIRST_PPR_SINGLE_HEAD	200	0.7496597414015882
step02A	combined_stress	SIMPLE_OT	200	
step02A	combined_stress	STAGE_CORRELATION	200	
step02A	combined_stress	UNSIGNED_GENE_PPR	200	0.62215786569781895
step02A	composition_shift	DIRECT_NATIVE_PROJECTION	200	0.74255462461278654
step02A	composition_shift	DUAL_HEAD_GENE_FIRST_PPR	200	0.57975310368855315
step02A	composition_shift	GENE_ONLY_PPR_STAGE3	200	
step02A	composition_shift	GRAPH_OT	200	
step02A	composition_shift	HETERO_PPR_STANDARD	200	
step02A	composition_shift	LEGACY_NEUROTRACE_SIM_PROXY	200	
step02A	composition_shift	MEAN_SIGNATURE	200	
step02A	composition_shift	RANDOM	200	
step02A	composition_shift	SIGNED_GENE_FIRST_PPR_SINGLE_HEAD	200	0.75668110199558014
step02A	composition_shift	SIMPLE_OT	200	
step02A	composition_shift	STAGE_CORRELATION	200	
step02A	composition_shift	UNSIGNED_GENE_PPR	200	0.57975310368855315
step02A	false_prior	DIRECT_NATIVE_PROJECTION	200	0.77727077097021324
step02A	false_prior	DUAL_HEAD_GENE_FIRST_PPR	200	0.61147728044342664
step02A	false_prior	GENE_ONLY_PPR_STAGE3	200	
step02A	false_prior	GRAPH_OT	200	
step02A	false_prior	HETERO_PPR_STANDARD	200	
step02A	false_prior	LEGACY_NEUROTRACE_SIM_PROXY	200	
step02A	false_prior	MEAN_SIGNATURE	200	
step02A	false_prior	RANDOM	200	
step02A	false_prior	SIGNED_GENE_FIRST_PPR_SINGLE_HEAD	200	0.78438921002412387
step02A	false_prior	SIMPLE_OT	200	
step02A	false_prior	STAGE_CORRELATION	200	
step02A	false_prior	UNSIGNED_GENE_PPR	200	0.61147728044342664
step02A	high_batch	DIRECT_NATIVE_PROJECTION	200	0.77644777212798832
step02A	high_batch	DUAL_HEAD_GENE_FIRST_PPR	200	0.64271794546812178
step02A	high_batch	GENE_ONLY_PPR_STAGE3	200	
step02A	high_batch	GRAPH_OT	200	
step02A	high_batch	HETERO_PPR_STANDARD	200	
step02A	high_batch	LEGACY_NEUROTRACE_SIM_PROXY	200	
step02A	high_batch	MEAN_SIGNATURE	200	
step02A	high_batch	RANDOM	200	
step02A	high_batch	SIGNED_GENE_FIRST_PPR_SINGLE_HEAD	200	0.78413127845946551
step02A	high_batch	SIMPLE_OT	200	
step02A	high_batch	STAGE_CORRELATION	200	
step02A	high_batch	UNSIGNED_GENE_PPR	200	0.64271794546812178
step02A	high_dropout	DIRECT_NATIVE_PROJECTION	200	0.77642376226920062
step02A	high_dropout	DUAL_HEAD_GENE_FIRST_PPR	200	0.63726337817332124
step02A	high_dropout	GENE_ONLY_PPR_STAGE3	200	
step02A	high_dropout	GRAPH_OT	200	
step02A	high_dropout	HETERO_PPR_STANDARD	200	
step02A	high_dropout	LEGACY_NEUROTRACE_SIM_PROXY	200	
step02A	high_dropout	MEAN_SIGNATURE	200	
step02A	high_dropout	RANDOM	200	
step02A	high_dropout	SIGNED_GENE_FIRST_PPR_SINGLE_HEAD	200	0.782670729339219
step02A	high_dropout	SIMPLE_OT	200	
step02A	high_dropout	STAGE_CORRELATION	200	
step02A	high_dropout	UNSIGNED_GENE_PPR	200	0.63726337817332124
step02B	combined_hard	DIRECT_NATIVE_PROJECTION	200	0.1826388372980948
step02B	combined_hard	DUAL_HEAD_GENE_FIRST_PPR	200	0.17975404211020909
step02B	combined_hard	GENE_ONLY_PPR_STAGE3	200	
step02B	combined_hard	GRAPH_OT	200	
step02B	combined_hard	HETERO_PPR_STANDARD	200	
step02B	combined_hard	LEGACY_NEUROTRACE_SIM_PROXY	200	
step02B	combined_hard	MEAN_SIGNATURE	200	
step02B	combined_hard	RANDOM	200	
step02B	combined_hard	SIGNED_GENE_FIRST_PPR_SINGLE_HEAD	200	0.168221821530741
step02B	combined_hard	SIMPLE_OT	200	
step02B	combined_hard	STAGE_CORRELATION	200	
step02B	combined_hard	UNSIGNED_GENE_PPR	200	0.17975404211020909
step02B	composition_confounded	DIRECT_NATIVE_PROJECTION	200	0.2140504212221303
step02B	composition_confounded	DUAL_HEAD_GENE_FIRST_PPR	200	0.2997167920037776
step02B	composition_confounded	GENE_ONLY_PPR_STAGE3	200	
step02B	composition_confounded	GRAPH_OT	200	
step02B	composition_confounded	HETERO_PPR_STANDARD	200	
step02B	composition_confounded	LEGACY_NEUROTRACE_SIM_PROXY	200	
step02B	composition_confounded	MEAN_SIGNATURE	200	
step02B	composition_confounded	RANDOM	200	
step02B	composition_confounded	SIGNED_GENE_FIRST_PPR_SINGLE_HEAD	200	0.20818310286566319
step02B	composition_confounded	SIMPLE_OT	200	
step02B	composition_confounded	STAGE_CORRELATION	200	
step02B	composition_confounded	UNSIGNED_GENE_PPR	200	0.2997167920037776
step02B	false_prior_stress	DIRECT_NATIVE_PROJECTION	200	0.39504750370180219
step02B	false_prior_stress	DUAL_HEAD_GENE_FIRST_PPR	200	0.55080903683115467
step02B	false_prior_stress	GENE_ONLY_PPR_STAGE3	200	
step02B	false_prior_stress	GRAPH_OT	200	
step02B	false_prior_stress	HETERO_PPR_STANDARD	200	
step02B	false_prior_stress	LEGACY_NEUROTRACE_SIM_PROXY	200	
step02B	false_prior_stress	MEAN_SIGNATURE	200	
step02B	false_prior_stress	RANDOM	200	
step02B	false_prior_stress	SIGNED_GENE_FIRST_PPR_SINGLE_HEAD	200	0.42445524991881228
step02B	false_prior_stress	SIMPLE_OT	200	
step02B	false_prior_stress	STAGE_CORRELATION	200	
step02B	false_prior_stress	UNSIGNED_GENE_PPR	200	0.55080903683115467
step02B	high_dropout	DIRECT_NATIVE_PROJECTION	200	0.41876412199804092
step02B	high_dropout	DUAL_HEAD_GENE_FIRST_PPR	200	0.52154124035641158
step02B	high_dropout	GENE_ONLY_PPR_STAGE3	200	
step02B	high_dropout	GRAPH_OT	200	
step02B	high_dropout	HETERO_PPR_STANDARD	200	
step02B	high_dropout	LEGACY_NEUROTRACE_SIM_PROXY	200	
step02B	high_dropout	MEAN_SIGNATURE	200	
step02B	high_dropout	RANDOM	200	
step02B	high_dropout	SIGNED_GENE_FIRST_PPR_SINGLE_HEAD	200	0.44608070877947148
step02B	high_dropout	SIMPLE_OT	200	
step02B	high_dropout	STAGE_CORRELATION	200	
step02B	high_dropout	UNSIGNED_GENE_PPR	200	0.52154124035641158
step02B	low_overlap	DIRECT_NATIVE_PROJECTION	200	0.48211763778720251
step02B	low_overlap	DUAL_HEAD_GENE_FIRST_PPR	200	0.53776761219979463
step02B	low_overlap	GENE_ONLY_PPR_STAGE3	200	
step02B	low_overlap	GRAPH_OT	200	
step02B	low_overlap	HETERO_PPR_STANDARD	200	
step02B	low_overlap	LEGACY_NEUROTRACE_SIM_PROXY	200	
step02B	low_overlap	MEAN_SIGNATURE	200	
step02B	low_overlap	RANDOM	200	
step02B	low_overlap	SIGNED_GENE_FIRST_PPR_SINGLE_HEAD	200	0.50220712591377081
step02B	low_overlap	SIMPLE_OT	200	
step02B	low_overlap	STAGE_CORRELATION	200	
step02B	low_overlap	UNSIGNED_GENE_PPR	200	0.53776761219979463
step02B	weak_signal	DIRECT_NATIVE_PROJECTION	200	0.45319914426795299
step02B	weak_signal	DUAL_HEAD_GENE_FIRST_PPR	200	0.55215080340742118
step02B	weak_signal	GENE_ONLY_PPR_STAGE3	200	
step02B	weak_signal	GRAPH_OT	200	
step02B	weak_signal	HETERO_PPR_STANDARD	200	
step02B	weak_signal	LEGACY_NEUROTRACE_SIM_PROXY	200	
step02B	weak_signal	MEAN_SIGNATURE	200	
step02B	weak_signal	RANDOM	200	
step02B	weak_signal	SIGNED_GENE_FIRST_PPR_SINGLE_HEAD	200	0.4849885069743472
step02B	weak_signal	SIMPLE_OT	200	
step02B	weak_signal	STAGE_CORRELATION	200	
step02B	weak_signal	UNSIGNED_GENE_PPR	200	0.55215080340742118
