cohort	method	program	top_n	n_common_genes	score_SD_before_standardization
GSE102741	NATIVE_SIGNED_MODULE	NTM1_ASD_up	200	115	0.79175063461600559
GSE102741	SIGNED_GENE_PPR	NTM1_ASD_up	200	5000	0.78781089558898598
GSE102741	UNSIGNED_GENE_PPR	NTM1_ASD_up	200	5000	0.78781089558898598
GSE102741	NATIVE_SIGNED_MODULE	NTM1_ASD_up	500	270	0.79633184113309541
GSE102741	SIGNED_GENE_PPR	NTM1_ASD_up	500	5000	0.78921758661366193
GSE102741	UNSIGNED_GENE_PPR	NTM1_ASD_up	500	5000	0.78921758661366193
GSE102741	NATIVE_SIGNED_MODULE	NTM2_ASD_down	200	142	0.83203287855736052
GSE102741	SIGNED_GENE_PPR	NTM2_ASD_down	200	5000	0.80367419541067386
GSE102741	UNSIGNED_GENE_PPR	NTM2_ASD_down	200	5000	0.80367419541067386
GSE102741	NATIVE_SIGNED_MODULE	NTM2_ASD_down	500	362	0.83486306052576043
GSE102741	SIGNED_GENE_PPR	NTM2_ASD_down	500	5000	0.79969185928113073
GSE102741	UNSIGNED_GENE_PPR	NTM2_ASD_down	500	5000	0.79969185928113073
GSE102741	NATIVE_SIGNED_MODULE	NTM3_ASD_signed	200	120	0.34431416484695743
GSE102741	SIGNED_GENE_PPR	NTM3_ASD_signed	200	5000	0.27240035594778039
GSE102741	UNSIGNED_GENE_PPR	NTM3_ASD_signed	200	5000	0.76600577300042005
GSE102741	NATIVE_SIGNED_MODULE	NTM3_ASD_signed	500	306	0.33250952801251388
GSE102741	SIGNED_GENE_PPR	NTM3_ASD_signed	500	5000	0.26823135224795541
GSE102741	UNSIGNED_GENE_PPR	NTM3_ASD_signed	500	5000	0.75632873915250698
GSE64018	NATIVE_SIGNED_MODULE	NTM1_ASD_up	200	115	0.74730145256394209
GSE64018	SIGNED_GENE_PPR	NTM1_ASD_up	200	5000	0.50657061302526474
GSE64018	UNSIGNED_GENE_PPR	NTM1_ASD_up	200	5000	0.50657061302526474
GSE64018	NATIVE_SIGNED_MODULE	NTM1_ASD_up	500	270	0.73184674158964458
GSE64018	SIGNED_GENE_PPR	NTM1_ASD_up	500	5000	0.49067946353492231
GSE64018	UNSIGNED_GENE_PPR	NTM1_ASD_up	500	5000	0.49067946353492231
GSE64018	NATIVE_SIGNED_MODULE	NTM2_ASD_down	200	142	0.59074208370010639
GSE64018	SIGNED_GENE_PPR	NTM2_ASD_down	200	5000	0.47398653381850331
GSE64018	UNSIGNED_GENE_PPR	NTM2_ASD_down	200	5000	0.47398653381850331
GSE64018	NATIVE_SIGNED_MODULE	NTM2_ASD_down	500	362	0.58530051789870319
GSE64018	SIGNED_GENE_PPR	NTM2_ASD_down	500	5000	0.456531730895754
GSE64018	UNSIGNED_GENE_PPR	NTM2_ASD_down	500	5000	0.456531730895754
GSE64018	NATIVE_SIGNED_MODULE	NTM3_ASD_signed	200	120	0.65201032731887631
GSE64018	SIGNED_GENE_PPR	NTM3_ASD_signed	200	5000	0.50887795507467404
GSE64018	UNSIGNED_GENE_PPR	NTM3_ASD_signed	200	5000	0.20397580439351529
GSE64018	NATIVE_SIGNED_MODULE	NTM3_ASD_signed	500	306	0.62034999229137944
GSE64018	SIGNED_GENE_PPR	NTM3_ASD_signed	500	5000	0.49091299942333178
GSE64018	UNSIGNED_GENE_PPR	NTM3_ASD_signed	500	5000	0.19203444001081421
