cohort	chosen_input_role	method	program	top_n	n_common_genes	score_mean	score_SD_before_standardization	standardized_beta	standardized_SE	t	p_value	n	n_ASD	n_Control	covariates	original_scale_beta	original_scale_t	gate_t_max_abs_dev_vs_original	gate_p_max_abs_dev_vs_original	gate_beta_minus_std_beta_x_sd_max_abs	fdr_BH_within_external_family_36	ci_low	ci_high	df_resid	ci_method
GSE102741	fallback_symbol10682	NATIVE_SIGNED_MODULE	NTM1_ASD_up	200	115	1.708035422500241e-17	0.7917506346160055	0.3716235179702303	0.3326099535587354	1.1172952402478404	0.2695471494127441	52	13	39	age_cov;rin_cov;sex_cov	0.2942331561911621	1.1172952402478398	6.661338147750939e-16	2.220446049250313e-16	2.220446049250313e-16	0.4620808275647042	-0.2975014008736535	1.040748436814114	47	two-sided 95% Student-t: beta +/- qt(.975, df_resid)*SE
GSE102741	fallback_symbol10682	NATIVE_SIGNED_MODULE	NTM1_ASD_up	500	270	1.921539850312771e-17	0.7963318411330954	0.3515365564847582	0.3321012661751173	1.0585221806995242	0.2952275143067935	52	13	39	age_cov;rin_cov;sex_cov	0.2799397532510959	1.0585221806995246	4.440892098500626e-16	1.6653345369377348e-16	5.551115123125783e-17	0.483099568865662	-0.3165650153406779	1.0196381283101943	47	two-sided 95% Student-t: beta +/- qt(.975, df_resid)*SE
GSE102741	fallback_symbol10682	NATIVE_SIGNED_MODULE	NTM2_ASD_down	200	142	-5.1774823744538545e-17	0.8320328785573605	0.0803919610200294	0.3369568965646814	0.2385823285994015	0.8124666808528423	52	13	39	age_cov;rin_cov;sex_cov	0.0668887547403664	0.2385823285994024	8.326672684688673e-16	6.661338147750939e-16	2.3592239273284576e-16	0.9241861288202676	-0.5974778791797902	0.7582618012198491	47	two-sided 95% Student-t: beta +/- qt(.975, df_resid)*SE
GSE102741	fallback_symbol10682	NATIVE_SIGNED_MODULE	NTM2_ASD_down	500	362	-5.017354053594459e-17	0.8348630605257604	0.076613616314486	0.3376791654035004	0.2268828644578609	0.8214987811735712	52	13	39	age_cov;rin_cov;sex_cov	0.0639618781942579	0.2268828644578606	3.6082248300317592e-16	3.3306690738754696e-16	1.1102230246251563e-16	0.9241861288202676	-0.6027092413701903	0.7559364739991624	47	two-sided 95% Student-t: beta +/- qt(.975, df_resid)*SE
GSE102741	fallback_symbol10682	NATIVE_SIGNED_MODULE	NTM3_ASD_signed	200	120	-6.511885048282167e-17	0.3443141648469574	0.6098839572768003	0.3166462933814234	1.9260732559472935	0.0601557663924202	52	13	39	age_cov;rin_cov;sex_cov	0.209991685403319	1.9260732559472944	6.661338147750939e-16	9.020562075079397e-17	5.551115123125783e-17	0.1273886817721839	-0.027126219640970395	1.2468941341945712	47	two-sided 95% Student-t: beta +/- qt(.975, df_resid)*SE
GSE102741	fallback_symbol10682	NATIVE_SIGNED_MODULE	NTM3_ASD_signed	500	306	-2.8289336685160237e-17	0.3325095280125138	0.5803313825339824	0.3180503269609771	1.8246526833634904	0.074413314713584	52	13	39	age_cov;rin_cov;sex_cov	0.1929657140972241	1.8246526833634913	6.661338147750939e-16	9.71445146547012e-17	5.551115123125783e-17	0.148826629427168	-0.05950334561841353	1.2201661106863784	47	two-sided 95% Student-t: beta +/- qt(.975, df_resid)*SE
GSE64018	fallback_symbol10682	NATIVE_SIGNED_MODULE	NTM1_ASD_up	200	115	7.401486830834377e-17	0.747301452563942	1.4483470185573546	0.334120867205955	4.334799651003482	0.0003990997336572	24	12	12	age_cov;rin_cov;pmi_cov;sex_cov	1.0823518307845656	4.334799651003482	0.0	0.0	2.220446049250313e-16	0.0053888624791203	0.7463851245399146	2.1503089125747947	18	two-sided 95% Student-t: beta +/- qt(.975, df_resid)*SE
GSE64018	fallback_symbol10682	NATIVE_SIGNED_MODULE	NTM1_ASD_up	500	270	9.251858538542969e-18	0.7318467415896445	1.4382188778112257	0.3402991910409689	4.226336458255281	0.0005076407963823	24	12	12	age_cov;rin_cov;pmi_cov;sex_cov	1.0525557994188603	4.22633645825528	8.881784197001252e-16	0.0	2.220446049250313e-16	0.0053888624791203	0.7232768070770584	2.153160948545393	18	two-sided 95% Student-t: beta +/- qt(.975, df_resid)*SE
GSE64018	fallback_symbol10682	NATIVE_SIGNED_MODULE	NTM2_ASD_down	200	142	-1.295260195396016e-16	0.5907420837001063	1.1107183917275405	0.413042288673928	2.6891154300289717	0.0149941148570382	24	12	12	age_cov;rin_cov;pmi_cov;sex_cov	0.6561480971331585	2.689115430028973	1.3322676295501878e-15	6.418476861114186e-17	3.3306690738754696e-16	0.0490716486230342	0.24294874390088383	1.9784880395541973	18	two-sided 95% Student-t: beta +/- qt(.975, df_resid)*SE
GSE64018	fallback_symbol10682	NATIVE_SIGNED_MODULE	NTM2_ASD_down	500	362	1.8503717077085938e-17	0.5853005178987031	1.073316907366562	0.4208537138662235	2.5503325074796335	0.0200857987134589	24	12	12	age_cov;rin_cov;pmi_cov;sex_cov	0.6282129417510833	2.5503325074796344	8.881784197001252e-16	2.7755575615628914e-17	1.1102230246251563e-16	0.0516491966917514	0.18913606418771767	1.9574977505454063	18	two-sided 95% Student-t: beta +/- qt(.975, df_resid)*SE
GSE64018	fallback_symbol10682	NATIVE_SIGNED_MODULE	NTM3_ASD_signed	200	120	-9.251858538542969e-18	0.6520103273188763	1.4668559487923662	0.340185460451892	4.311930165515714	0.00041984570892	24	12	12	age_cov;rin_cov;pmi_cov;sex_cov	0.9564052273017511	4.311930165515712	2.6645352591003757e-15	1.680513367352532e-18	4.440892098500626e-16	0.0053888624791203	0.7521528171594403	2.1815590804252922	18	two-sided 95% Student-t: beta +/- qt(.975, df_resid)*SE
GSE64018	fallback_symbol10682	NATIVE_SIGNED_MODULE	NTM3_ASD_signed	500	306	-8.326672684688674e-17	0.6203499922913794	1.4408258529721358	0.3470170093589378	4.152032361854096	0.00059876249768	24	12	12	age_cov;rin_cov;pmi_cov;sex_cov	0.8938163067844849	4.152032361854097	8.881784197001252e-16	1.3010426069826053e-18	3.3306690738754696e-16	0.0053888624791203	0.7117701696714127	2.169881536272859	18	two-sided 95% Student-t: beta +/- qt(.975, df_resid)*SE
