dataset	celltype	module	value	n_donors	source_profile_index	display_mean_across_source_profiles
PsychENCODE	Astrocytes	NTM1 ASD-up	0.34143573239386499	60	1	0.30886752814178797
PsychENCODE	Endothelial	NTM1 ASD-up	0.14557810683758399	60	1	0.14520016124597301
PsychENCODE	Excitatory neurons	NTM1 ASD-up	-0.20079887770507401	60	1	-0.2022792735911835
PsychENCODE	Inhibitory neurons	NTM1 ASD-up	0.083846728929761499	60	1	0.089833996851411302
PsychENCODE	Microglia	NTM1 ASD-up	-0.0033291369428819998	60	1	0.038485366947154549
PsychENCODE	Oligodendrocytes	NTM1 ASD-up	-0.32123736492525401	60	1	-0.31741251756940903
PsychENCODE	OPCs	NTM1 ASD-up	-0.045495188588000002	60	1	-0.062695262025734111
PsychENCODE	Astrocytes	NTM1 ASD-up	0.27629932388971101	60	2	0.30886752814178797
PsychENCODE	Endothelial	NTM1 ASD-up	0.14482221565436201	60	2	0.14520016124597301
PsychENCODE	Excitatory neurons	NTM1 ASD-up	-0.20375966947729299	60	2	-0.2022792735911835
PsychENCODE	Inhibitory neurons	NTM1 ASD-up	0.095821264773061104	60	2	0.089833996851411302
PsychENCODE	Microglia	NTM1 ASD-up	0.080299870837191104	60	2	0.038485366947154549
PsychENCODE	Oligodendrocytes	NTM1 ASD-up	-0.31358767021356398	60	2	-0.31741251756940903
PsychENCODE	OPCs	NTM1 ASD-up	-0.079895335463468206	60	2	-0.062695262025734111
PsychENCODE	Astrocytes	NTM2 ASD-down	0.26033230304710803	60	1	0.25489937306059351
PsychENCODE	Endothelial	NTM2 ASD-down	0.23317241495058799	60	1	0.24576918244253901
PsychENCODE	Excitatory neurons	NTM2 ASD-down	-0.55547962457689404	60	1	-0.56227930640743651
PsychENCODE	Inhibitory neurons	NTM2 ASD-down	-0.85412495375190001	60	1	-0.84531957713981054
PsychENCODE	Microglia	NTM2 ASD-down	0.39630038178300397	60	1	0.39103722943379249
PsychENCODE	Oligodendrocytes	NTM2 ASD-down	0.33576108944300997	60	1	0.337883880252694
PsychENCODE	OPCs	NTM2 ASD-down	0.18403838910508399	60	1	0.17800921835762801
PsychENCODE	Astrocytes	NTM2 ASD-down	0.249466443074079	60	2	0.25489937306059351
PsychENCODE	Endothelial	NTM2 ASD-down	0.25836594993449002	60	2	0.24576918244253901
PsychENCODE	Excitatory neurons	NTM2 ASD-down	-0.56907898823797898	60	2	-0.56227930640743651
PsychENCODE	Inhibitory neurons	NTM2 ASD-down	-0.83651420052772096	60	2	-0.84531957713981054
PsychENCODE	Microglia	NTM2 ASD-down	0.385774077084581	60	2	0.39103722943379249
PsychENCODE	Oligodendrocytes	NTM2 ASD-down	0.34000667106237797	60	2	0.337883880252694
PsychENCODE	OPCs	NTM2 ASD-down	0.17198004761017199	60	2	0.17800921835762801
PsychENCODE	Astrocytes	NTM3 ASD-signed	0.32880457598616702	60	1	0.30631727657051799
PsychENCODE	Endothelial	NTM3 ASD-signed	0.182756575028895	60	1	0.18511116451530152
PsychENCODE	Excitatory neurons	NTM3 ASD-signed	-0.32902183033169002	60	1	-0.33227368941358049
PsychENCODE	Inhibitory neurons	NTM3 ASD-signed	-0.26111161801812799	60	1	-0.26015140357664346
PsychENCODE	Microglia	NTM3 ASD-signed	0.13878307584000299	60	1	0.1551733528954985
PsychENCODE	Oligodendrocytes	NTM3 ASD-signed	-0.077086498138927304	60	1	-0.074787500493597503
PsychENCODE	OPCs	NTM3 ASD-signed	0.016875719633680699	60	1	0.020610799502503697
PsychENCODE	Astrocytes	NTM3 ASD-signed	0.28382997715486902	60	2	0.30631727657051799
PsychENCODE	Endothelial	NTM3 ASD-signed	0.18746575400170801	60	2	0.18511116451530152
PsychENCODE	Excitatory neurons	NTM3 ASD-signed	-0.335525548495471	60	2	-0.33227368941358049
PsychENCODE	Inhibitory neurons	NTM3 ASD-signed	-0.25919118913515898	60	2	-0.26015140357664346
PsychENCODE	Microglia	NTM3 ASD-signed	0.171563629950994	60	2	0.1551733528954985
PsychENCODE	Oligodendrocytes	NTM3 ASD-signed	-0.072488502848267702	60	2	-0.074787500493597503
PsychENCODE	OPCs	NTM3 ASD-signed	0.024345879371326699	60	2	0.020610799502503697
Velmeshev	Endothelial	NTM1 ASD-up	0.18081043142626599	31	1	0.18238786217623248
Velmeshev	Excitatory neurons	NTM1 ASD-up	0.63448134938733303	31	1	0.63167388364483701
Velmeshev	Inhibitory neurons	NTM1 ASD-up	0.24436384452464299	31	1	0.23591394361450901
Velmeshev	Microglia	NTM1 ASD-up	-0.31541467752219399	29	1	-0.28572107859998352
Velmeshev	Oligodendrocytes	NTM1 ASD-up	-0.52228266595373296	31	1	-0.52349545492209848
Velmeshev	OPCs	NTM1 ASD-up	-0.242307615896005	31	1	-0.25919277388768952
Velmeshev	Endothelial	NTM1 ASD-up	0.18396529292619901	31	2	0.18238786217623248
Velmeshev	Excitatory neurons	NTM1 ASD-up	0.62886641790234099	31	2	0.63167388364483701
Velmeshev	Inhibitory neurons	NTM1 ASD-up	0.22746404270437501	31	2	0.23591394361450901
Velmeshev	Microglia	NTM1 ASD-up	-0.25602747967777301	29	2	-0.28572107859998352
Velmeshev	Oligodendrocytes	NTM1 ASD-up	-0.524708243890464	31	2	-0.52349545492209848
Velmeshev	OPCs	NTM1 ASD-up	-0.27607793187937402	31	2	-0.25919277388768952
Velmeshev	Endothelial	NTM2 ASD-down	0.39995362805291201	31	1	0.40716213514077448
Velmeshev	Excitatory neurons	NTM2 ASD-down	-1.56127046429658	31	1	-1.5639584554528549
Velmeshev	Inhibitory neurons	NTM2 ASD-down	-0.38133204170746599	31	1	-0.379967411248545
Velmeshev	Microglia	NTM2 ASD-down	0.60250939558123895	29	1	0.60004464932557644
Velmeshev	Oligodendrocytes	NTM2 ASD-down	0.52979235396688495	31	1	0.52909901842034246
Velmeshev	OPCs	NTM2 ASD-down	0.44921870231148098	31	1	0.44633262183571348
Velmeshev	Endothelial	NTM2 ASD-down	0.41437064222863701	31	2	0.40716213514077448
Velmeshev	Excitatory neurons	NTM2 ASD-down	-1.5666464466091301	31	2	-1.5639584554528549
Velmeshev	Inhibitory neurons	NTM2 ASD-down	-0.378602780789624	31	2	-0.379967411248545
Velmeshev	Microglia	NTM2 ASD-down	0.59757990306991404	29	2	0.60004464932557644
Velmeshev	Oligodendrocytes	NTM2 ASD-down	0.52840568287379996	31	2	0.52909901842034246
Velmeshev	OPCs	NTM2 ASD-down	0.44344654135994599	31	2	0.44633262183571348
Velmeshev	Endothelial	NTM3 ASD-signed	0.26893299162026602	31	1	0.2703208590497615
Velmeshev	Excitatory neurons	NTM3 ASD-signed	-0.13103355108304801	31	1	-0.14369828468200702
Velmeshev	Inhibitory neurons	NTM3 ASD-signed	0.049916356467875803	31	1	0.034841400411756103
Velmeshev	Microglia	NTM3 ASD-signed	-0.0039443645867643	29	1	0.011912626196497401
Velmeshev	Oligodendrocytes	NTM3 ASD-signed	-0.16417352992089501	31	1	-0.1580158417927415
Velmeshev	OPCs	NTM3 ASD-signed	-0.019952377632063999	31	1	-0.01459220265445945
Velmeshev	Endothelial	NTM3 ASD-signed	0.27170872647925698	31	2	0.2703208590497615
Velmeshev	Excitatory neurons	NTM3 ASD-signed	-0.15636301828096599	31	2	-0.14369828468200702
Velmeshev	Inhibitory neurons	NTM3 ASD-signed	0.0197664443556364	31	2	0.034841400411756103
Velmeshev	Microglia	NTM3 ASD-signed	0.027769616979759101	29	2	0.011912626196497401
Velmeshev	Oligodendrocytes	NTM3 ASD-signed	-0.15185815366458799	31	2	-0.1580158417927415
Velmeshev	OPCs	NTM3 ASD-signed	-0.0092320276768549005	31	2	-0.01459220265445945
