program	top_n	top_stage	top_stage_magnitude_cosine	second_stage	second_stage_magnitude_cosine	top_stage_margin	localization_contrast	prenatal_or_postnatal	affinity_prenatal	affinity_postnatal	n_module_genes	n_mapped_to_gene_network
NTM1_ASD_up	50	late_prenatal	0.1315945774585259	early_prenatal	0.049414282257402603	0.082180295201123202	0.1146415655303256	prenatal	0.83856657126701029	0.16143342873246799	50	14
NTM1_ASD_up	100	late_prenatal	0.15741812506382061	early_prenatal	0.080800267864374997	0.076617857199445596	0.16381471544062559	prenatal	0.84777427933168203	0.1522257206678552	100	29
NTM1_ASD_up	200	late_prenatal	0.2019171816196563	early_prenatal	0.083980027881991395	0.1179371537376649	0.16788739783746481	prenatal	0.84119685224679086	0.1588031477526709	200	59
NTM1_ASD_up	500	late_prenatal	0.2935865201248814	early_prenatal	0.1154408649102812	0.17814565521460021	0.23728173036701261	prenatal	0.84257794821505472	0.1574220517843942	500	142
NTM2_ASD_down	50	adulthood	0.12633825925291839	early_postnatal	0.064546763967103099	0.061791495285815297	-0.16104121644419869	postnatal	0.12083346137836171	0.87916653862115623	50	23
NTM2_ASD_down	100	adulthood	0.1474538038317029	early_postnatal	0.073565548959059604	0.073888254872643194	-0.1827149591075809	postnatal	0.1207686534093001	0.87923134659020674	100	38
NTM2_ASD_down	200	adulthood	0.17590617919414619	early_postnatal	0.11046405215296951	0.065442127041176607	-0.21959237511653151	postnatal	0.12114125214700271	0.87885874785253026	200	72
NTM2_ASD_down	500	adulthood	0.2310596365612598	early_postnatal	0.15663248230091639	0.074427154260343395	-0.28724297605080351	postnatal	0.12229143791638721	0.87770856208315362	500	192
NTM3_ASD_signed	50	early_postnatal	0.0478794450095111	late_prenatal	0.043769691836997797	0.0041097531725133004	0.0018449254490267	prenatal	0.47706307787142782	0.52293692212814247	50	15
NTM3_ASD_signed	100	late_prenatal	0.042075623761746998	early_postnatal	0.030591238503499801	0.011484385258247199	0.0058392343518024001	prenatal	0.59007330408216041	0.4099266959173688	100	34
NTM3_ASD_signed	200	early_postnatal	0.055474232037878997	late_prenatal	0.0496085589683486	0.0058656730695303997	-0.0027303569543465	postnatal	0.45241934414520379	0.5475806558543711	200	62
NTM3_ASD_signed	500	late_prenatal	0.1009832932722291	early_postnatal	0.095915081885276296	0.0050682113869528001	-0.012955690717604801	postnatal	0.49233946553738989	0.50766053446220127	500	161
