benchmark	condition	method	n_replicates	precision_at_50_mean
step02A	baseline	DIRECT_NATIVE_PROJECTION	200	1
step02A	baseline	DUAL_HEAD_GENE_FIRST_PPR	200	0.99439999999999995
step02A	baseline	GENE_ONLY_PPR_STAGE3	200	1
step02A	baseline	GRAPH_OT	200	1
step02A	baseline	HETERO_PPR_STANDARD	200	0.99970000000000003
step02A	baseline	LEGACY_NEUROTRACE_SIM_PROXY	200	1
step02A	baseline	MEAN_SIGNATURE	200	1
step02A	baseline	RANDOM	200	0.18140000000000001
step02A	baseline	SIGNED_GENE_FIRST_PPR_SINGLE_HEAD	200	0.99439999999999995
step02A	baseline	SIMPLE_OT	200	1
step02A	baseline	STAGE_CORRELATION	200	0.9849
step02A	baseline	UNSIGNED_GENE_PPR	200	0.99939999999999996
step02A	combined_stress	DIRECT_NATIVE_PROJECTION	200	0.95240000000000002
step02A	combined_stress	DUAL_HEAD_GENE_FIRST_PPR	200	0.86349999999999993
step02A	combined_stress	GENE_ONLY_PPR_STAGE3	200	0.97640000000000005
step02A	combined_stress	GRAPH_OT	200	0.95430000000000004
step02A	combined_stress	HETERO_PPR_STANDARD	200	0.96750000000000003
step02A	combined_stress	LEGACY_NEUROTRACE_SIM_PROXY	200	0.96409999999999996
step02A	combined_stress	MEAN_SIGNATURE	200	0.95240000000000002
step02A	combined_stress	RANDOM	200	0.1810999999999999
step02A	combined_stress	SIGNED_GENE_FIRST_PPR_SINGLE_HEAD	200	0.86349999999999993
step02A	combined_stress	SIMPLE_OT	200	0.95240000000000002
step02A	combined_stress	STAGE_CORRELATION	200	0.75770000000000015
step02A	combined_stress	UNSIGNED_GENE_PPR	200	0.94620000000000004
step02A	composition_shift	DIRECT_NATIVE_PROJECTION	200	0.97750000000000004
step02A	composition_shift	DUAL_HEAD_GENE_FIRST_PPR	200	0.90559999999999996
step02A	composition_shift	GENE_ONLY_PPR_STAGE3	200	0.98299999999999998
step02A	composition_shift	GRAPH_OT	200	0.97529999999999994
step02A	composition_shift	HETERO_PPR_STANDARD	200	0.97170000000000001
step02A	composition_shift	LEGACY_NEUROTRACE_SIM_PROXY	200	0.98550000000000004
step02A	composition_shift	MEAN_SIGNATURE	200	0.97750000000000004
step02A	composition_shift	RANDOM	200	0.17549999999999991
step02A	composition_shift	SIGNED_GENE_FIRST_PPR_SINGLE_HEAD	200	0.90559999999999996
step02A	composition_shift	SIMPLE_OT	200	0.97750000000000004
step02A	composition_shift	STAGE_CORRELATION	200	0.89090000000000003
step02A	composition_shift	UNSIGNED_GENE_PPR	200	0.96840000000000004
step02A	false_prior	DIRECT_NATIVE_PROJECTION	200	1
step02A	false_prior	DUAL_HEAD_GENE_FIRST_PPR	200	0.99350000000000005
step02A	false_prior	GENE_ONLY_PPR_STAGE3	200	1
step02A	false_prior	GRAPH_OT	200	1
step02A	false_prior	HETERO_PPR_STANDARD	200	0.99909999999999999
step02A	false_prior	LEGACY_NEUROTRACE_SIM_PROXY	200	1
step02A	false_prior	MEAN_SIGNATURE	200	1
step02A	false_prior	RANDOM	200	0.1709
step02A	false_prior	SIGNED_GENE_FIRST_PPR_SINGLE_HEAD	200	0.99350000000000005
step02A	false_prior	SIMPLE_OT	200	1
step02A	false_prior	STAGE_CORRELATION	200	0.97560000000000002
step02A	false_prior	UNSIGNED_GENE_PPR	200	0.99829999999999997
step02A	high_batch	DIRECT_NATIVE_PROJECTION	200	1
step02A	high_batch	DUAL_HEAD_GENE_FIRST_PPR	200	0.96030000000000004
step02A	high_batch	GENE_ONLY_PPR_STAGE3	200	1
step02A	high_batch	GRAPH_OT	200	1
step02A	high_batch	HETERO_PPR_STANDARD	200	0.99409999999999998
step02A	high_batch	LEGACY_NEUROTRACE_SIM_PROXY	200	1
step02A	high_batch	MEAN_SIGNATURE	200	1
step02A	high_batch	RANDOM	200	0.1777
step02A	high_batch	SIGNED_GENE_FIRST_PPR_SINGLE_HEAD	200	0.96030000000000004
step02A	high_batch	SIMPLE_OT	200	1
step02A	high_batch	STAGE_CORRELATION	200	0.87419999999999998
step02A	high_batch	UNSIGNED_GENE_PPR	200	0.99239999999999995
step02A	high_dropout	DIRECT_NATIVE_PROJECTION	200	1
step02A	high_dropout	DUAL_HEAD_GENE_FIRST_PPR	200	0.97570000000000001
step02A	high_dropout	GENE_ONLY_PPR_STAGE3	200	1
step02A	high_dropout	GRAPH_OT	200	1
step02A	high_dropout	HETERO_PPR_STANDARD	200	0.99550000000000005
step02A	high_dropout	LEGACY_NEUROTRACE_SIM_PROXY	200	1
step02A	high_dropout	MEAN_SIGNATURE	200	1
step02A	high_dropout	RANDOM	200	0.18160000000000001
step02A	high_dropout	SIGNED_GENE_FIRST_PPR_SINGLE_HEAD	200	0.97570000000000001
step02A	high_dropout	SIMPLE_OT	200	1
step02A	high_dropout	STAGE_CORRELATION	200	0.90920000000000001
step02A	high_dropout	UNSIGNED_GENE_PPR	200	0.99529999999999996
step02B	combined_hard	DIRECT_NATIVE_PROJECTION	200	0.19389999999999999
step02B	combined_hard	DUAL_HEAD_GENE_FIRST_PPR	200	0.1241
step02B	combined_hard	GENE_ONLY_PPR_STAGE3	200	0.1522
step02B	combined_hard	GRAPH_OT	200	0.20999999999999999
step02B	combined_hard	HETERO_PPR_STANDARD	200	0.095699999999999993
step02B	combined_hard	LEGACY_NEUROTRACE_SIM_PROXY	200	0.217
step02B	combined_hard	MEAN_SIGNATURE	200	0.19389999999999999
step02B	combined_hard	RANDOM	200	0.044299999999999999
step02B	combined_hard	SIGNED_GENE_FIRST_PPR_SINGLE_HEAD	200	0.1241
step02B	combined_hard	SIMPLE_OT	200	0.19389999999999999
step02B	combined_hard	STAGE_CORRELATION	200	0.158
step02B	combined_hard	UNSIGNED_GENE_PPR	200	0.1002
step02B	composition_confounded	DIRECT_NATIVE_PROJECTION	200	0.3231
step02B	composition_confounded	DUAL_HEAD_GENE_FIRST_PPR	200	0.1028
step02B	composition_confounded	GENE_ONLY_PPR_STAGE3	200	0.27629999999999999
step02B	composition_confounded	GRAPH_OT	200	0.36509999999999998
step02B	composition_confounded	HETERO_PPR_STANDARD	200	0.2047999999999999
step02B	composition_confounded	LEGACY_NEUROTRACE_SIM_PROXY	200	0.52790000000000004
step02B	composition_confounded	MEAN_SIGNATURE	200	0.3231
step02B	composition_confounded	RANDOM	200	0.066799999999999998
step02B	composition_confounded	SIGNED_GENE_FIRST_PPR_SINGLE_HEAD	200	0.1028
step02B	composition_confounded	SIMPLE_OT	200	0.3231
step02B	composition_confounded	STAGE_CORRELATION	200	0.2959
step02B	composition_confounded	UNSIGNED_GENE_PPR	200	0.1174
step02B	false_prior_stress	DIRECT_NATIVE_PROJECTION	200	0.6792999999999999
step02B	false_prior_stress	DUAL_HEAD_GENE_FIRST_PPR	200	0.1344999999999999
step02B	false_prior_stress	GENE_ONLY_PPR_STAGE3	200	0.61120000000000008
step02B	false_prior_stress	GRAPH_OT	200	0.74409999999999998
step02B	false_prior_stress	HETERO_PPR_STANDARD	200	0.439
step02B	false_prior_stress	LEGACY_NEUROTRACE_SIM_PROXY	200	0.64090000000000003
step02B	false_prior_stress	MEAN_SIGNATURE	200	0.6792999999999999
step02B	false_prior_stress	RANDOM	200	0.068900000000000003
step02B	false_prior_stress	SIGNED_GENE_FIRST_PPR_SINGLE_HEAD	200	0.1344999999999999
step02B	false_prior_stress	SIMPLE_OT	200	0.6792999999999999
step02B	false_prior_stress	STAGE_CORRELATION	200	0.42980000000000002
step02B	false_prior_stress	UNSIGNED_GENE_PPR	200	0.1598
step02B	high_dropout	DIRECT_NATIVE_PROJECTION	200	0.56340000000000001
step02B	high_dropout	DUAL_HEAD_GENE_FIRST_PPR	200	0.29830000000000001
step02B	high_dropout	GENE_ONLY_PPR_STAGE3	200	0.54220000000000002
step02B	high_dropout	GRAPH_OT	200	0.63419999999999999
step02B	high_dropout	HETERO_PPR_STANDARD	200	0.4108
step02B	high_dropout	LEGACY_NEUROTRACE_SIM_PROXY	200	0.5220999999999999
step02B	high_dropout	MEAN_SIGNATURE	200	0.56340000000000001
step02B	high_dropout	RANDOM	200	0.061499999999999999
step02B	high_dropout	SIGNED_GENE_FIRST_PPR_SINGLE_HEAD	200	0.29830000000000001
step02B	high_dropout	SIMPLE_OT	200	0.56340000000000001
step02B	high_dropout	STAGE_CORRELATION	200	0.31939999999999991
step02B	high_dropout	UNSIGNED_GENE_PPR	200	0.27149999999999991
step02B	low_overlap	DIRECT_NATIVE_PROJECTION	200	0.7551000000000001
step02B	low_overlap	DUAL_HEAD_GENE_FIRST_PPR	200	0.25009999999999999
step02B	low_overlap	GENE_ONLY_PPR_STAGE3	200	0.67400000000000004
step02B	low_overlap	GRAPH_OT	200	0.77549999999999997
step02B	low_overlap	HETERO_PPR_STANDARD	200	0.38429999999999997
step02B	low_overlap	LEGACY_NEUROTRACE_SIM_PROXY	200	0.60009999999999997
step02B	low_overlap	MEAN_SIGNATURE	200	0.7551000000000001
step02B	low_overlap	RANDOM	200	0.039599999999999899
step02B	low_overlap	SIGNED_GENE_FIRST_PPR_SINGLE_HEAD	200	0.25009999999999999
step02B	low_overlap	SIMPLE_OT	200	0.7551000000000001
step02B	low_overlap	STAGE_CORRELATION	200	0.34920000000000001
step02B	low_overlap	UNSIGNED_GENE_PPR	200	0.25019999999999998
step02B	weak_signal	DIRECT_NATIVE_PROJECTION	200	0.61169999999999991
step02B	weak_signal	DUAL_HEAD_GENE_FIRST_PPR	200	0.21929999999999999
step02B	weak_signal	GENE_ONLY_PPR_STAGE3	200	0.60819999999999996
step02B	weak_signal	GRAPH_OT	200	0.70590000000000008
step02B	weak_signal	HETERO_PPR_STANDARD	200	0.49719999999999998
step02B	weak_signal	LEGACY_NEUROTRACE_SIM_PROXY	200	0.60520000000000007
step02B	weak_signal	MEAN_SIGNATURE	200	0.61169999999999991
step02B	weak_signal	RANDOM	200	0.071199999999999902
step02B	weak_signal	SIGNED_GENE_FIRST_PPR_SINGLE_HEAD	200	0.21929999999999999
step02B	weak_signal	SIMPLE_OT	200	0.61169999999999991
step02B	weak_signal	STAGE_CORRELATION	200	0.36369999999999991
step02B	weak_signal	UNSIGNED_GENE_PPR	200	0.2114
