benchmark	condition	method	n_replicates	alignment_hit_top1_mean
step02A	baseline	DIRECT_NATIVE_PROJECTION	200	1
step02A	baseline	DUAL_HEAD_GENE_FIRST_PPR	200	0.94499999999999995
step02A	baseline	GENE_ONLY_PPR_STAGE3	200	1
step02A	baseline	GRAPH_OT	200	1
step02A	baseline	HETERO_PPR_STANDARD	200	1
step02A	baseline	LEGACY_NEUROTRACE_SIM_PROXY	200	1
step02A	baseline	MEAN_SIGNATURE	200	1
step02A	baseline	RANDOM	200	0.245
step02A	baseline	SIGNED_GENE_FIRST_PPR_SINGLE_HEAD	200	1
step02A	baseline	SIMPLE_OT	200	1
step02A	baseline	STAGE_CORRELATION	200	1
step02A	baseline	UNSIGNED_GENE_PPR	200	0.94499999999999995
step02A	combined_stress	DIRECT_NATIVE_PROJECTION	200	1
step02A	combined_stress	DUAL_HEAD_GENE_FIRST_PPR	200	0.92500000000000004
step02A	combined_stress	GENE_ONLY_PPR_STAGE3	200	0.97499999999999998
step02A	combined_stress	GRAPH_OT	200	0.995
step02A	combined_stress	HETERO_PPR_STANDARD	200	0.98999999999999999
step02A	combined_stress	LEGACY_NEUROTRACE_SIM_PROXY	200	1
step02A	combined_stress	MEAN_SIGNATURE	200	1
step02A	combined_stress	RANDOM	200	0.23999999999999999
step02A	combined_stress	SIGNED_GENE_FIRST_PPR_SINGLE_HEAD	200	1
step02A	combined_stress	SIMPLE_OT	200	0.98999999999999999
step02A	combined_stress	STAGE_CORRELATION	200	0.995
step02A	combined_stress	UNSIGNED_GENE_PPR	200	0.92500000000000004
step02A	composition_shift	DIRECT_NATIVE_PROJECTION	200	0.98999999999999999
step02A	composition_shift	DUAL_HEAD_GENE_FIRST_PPR	200	0.89000000000000001
step02A	composition_shift	GENE_ONLY_PPR_STAGE3	200	0.96999999999999997
step02A	composition_shift	GRAPH_OT	200	0.98999999999999999
step02A	composition_shift	HETERO_PPR_STANDARD	200	0.97499999999999998
step02A	composition_shift	LEGACY_NEUROTRACE_SIM_PROXY	200	0.995
step02A	composition_shift	MEAN_SIGNATURE	200	0.98999999999999999
step02A	composition_shift	RANDOM	200	0.245
step02A	composition_shift	SIGNED_GENE_FIRST_PPR_SINGLE_HEAD	200	0.98999999999999999
step02A	composition_shift	SIMPLE_OT	200	0.98999999999999999
step02A	composition_shift	STAGE_CORRELATION	200	0.98999999999999999
step02A	composition_shift	UNSIGNED_GENE_PPR	200	0.89000000000000001
step02A	false_prior	DIRECT_NATIVE_PROJECTION	200	1
step02A	false_prior	DUAL_HEAD_GENE_FIRST_PPR	200	0.92500000000000004
step02A	false_prior	GENE_ONLY_PPR_STAGE3	200	1
step02A	false_prior	GRAPH_OT	200	1
step02A	false_prior	HETERO_PPR_STANDARD	200	1
step02A	false_prior	LEGACY_NEUROTRACE_SIM_PROXY	200	1
step02A	false_prior	MEAN_SIGNATURE	200	1
step02A	false_prior	RANDOM	200	0.27500000000000002
step02A	false_prior	SIGNED_GENE_FIRST_PPR_SINGLE_HEAD	200	1
step02A	false_prior	SIMPLE_OT	200	1
step02A	false_prior	STAGE_CORRELATION	200	1
step02A	false_prior	UNSIGNED_GENE_PPR	200	0.92500000000000004
step02A	high_batch	DIRECT_NATIVE_PROJECTION	200	1
step02A	high_batch	DUAL_HEAD_GENE_FIRST_PPR	200	0.95499999999999996
step02A	high_batch	GENE_ONLY_PPR_STAGE3	200	1
step02A	high_batch	GRAPH_OT	200	1
step02A	high_batch	HETERO_PPR_STANDARD	200	1
step02A	high_batch	LEGACY_NEUROTRACE_SIM_PROXY	200	1
step02A	high_batch	MEAN_SIGNATURE	200	1
step02A	high_batch	RANDOM	200	0.23999999999999999
step02A	high_batch	SIGNED_GENE_FIRST_PPR_SINGLE_HEAD	200	1
step02A	high_batch	SIMPLE_OT	200	1
step02A	high_batch	STAGE_CORRELATION	200	1
step02A	high_batch	UNSIGNED_GENE_PPR	200	0.95499999999999996
step02A	high_dropout	DIRECT_NATIVE_PROJECTION	200	1
step02A	high_dropout	DUAL_HEAD_GENE_FIRST_PPR	200	0.94499999999999995
step02A	high_dropout	GENE_ONLY_PPR_STAGE3	200	1
step02A	high_dropout	GRAPH_OT	200	1
step02A	high_dropout	HETERO_PPR_STANDARD	200	1
step02A	high_dropout	LEGACY_NEUROTRACE_SIM_PROXY	200	1
step02A	high_dropout	MEAN_SIGNATURE	200	1
step02A	high_dropout	RANDOM	200	0.25
step02A	high_dropout	SIGNED_GENE_FIRST_PPR_SINGLE_HEAD	200	1
step02A	high_dropout	SIMPLE_OT	200	1
step02A	high_dropout	STAGE_CORRELATION	200	1
step02A	high_dropout	UNSIGNED_GENE_PPR	200	0.94499999999999995
step02B	combined_hard	DIRECT_NATIVE_PROJECTION	200	0.105
step02B	combined_hard	DUAL_HEAD_GENE_FIRST_PPR	200	0.115
step02B	combined_hard	GENE_ONLY_PPR_STAGE3	200	0.13500000000000001
step02B	combined_hard	GRAPH_OT	200	0.125
step02B	combined_hard	HETERO_PPR_STANDARD	200	0.059999999999999998
step02B	combined_hard	LEGACY_NEUROTRACE_SIM_PROXY	200	0.28000000000000003
step02B	combined_hard	MEAN_SIGNATURE	200	0.105
step02B	combined_hard	RANDOM	200	0.185
step02B	combined_hard	SIGNED_GENE_FIRST_PPR_SINGLE_HEAD	200	0.12
step02B	combined_hard	SIMPLE_OT	200	0.11
step02B	combined_hard	STAGE_CORRELATION	200	0.105
step02B	combined_hard	UNSIGNED_GENE_PPR	200	0.115
step02B	composition_confounded	DIRECT_NATIVE_PROJECTION	200	0.13500000000000001
step02B	composition_confounded	DUAL_HEAD_GENE_FIRST_PPR	200	0.32000000000000001
step02B	composition_confounded	GENE_ONLY_PPR_STAGE3	200	0.23499999999999999
step02B	composition_confounded	GRAPH_OT	200	0.17499999999999999
step02B	composition_confounded	HETERO_PPR_STANDARD	200	0.17000000000000001
step02B	composition_confounded	LEGACY_NEUROTRACE_SIM_PROXY	200	0.55500000000000005
step02B	composition_confounded	MEAN_SIGNATURE	200	0.13500000000000001
step02B	composition_confounded	RANDOM	200	0.20499999999999999
step02B	composition_confounded	SIGNED_GENE_FIRST_PPR_SINGLE_HEAD	200	0.16
step02B	composition_confounded	SIMPLE_OT	200	0.16
step02B	composition_confounded	STAGE_CORRELATION	200	0.14999999999999999
step02B	composition_confounded	UNSIGNED_GENE_PPR	200	0.32000000000000001
step02B	false_prior_stress	DIRECT_NATIVE_PROJECTION	200	0.34000000000000002
step02B	false_prior_stress	DUAL_HEAD_GENE_FIRST_PPR	200	0.78500000000000003
step02B	false_prior_stress	GENE_ONLY_PPR_STAGE3	200	0.68000000000000005
step02B	false_prior_stress	GRAPH_OT	200	0.47499999999999998
step02B	false_prior_stress	HETERO_PPR_STANDARD	200	0.505
step02B	false_prior_stress	LEGACY_NEUROTRACE_SIM_PROXY	200	0.68500000000000005
step02B	false_prior_stress	MEAN_SIGNATURE	200	0.34000000000000002
step02B	false_prior_stress	RANDOM	200	0.20999999999999999
step02B	false_prior_stress	SIGNED_GENE_FIRST_PPR_SINGLE_HEAD	200	0.44
step02B	false_prior_stress	SIMPLE_OT	200	0.39500000000000002
step02B	false_prior_stress	STAGE_CORRELATION	200	0.38
step02B	false_prior_stress	UNSIGNED_GENE_PPR	200	0.78500000000000003
step02B	high_dropout	DIRECT_NATIVE_PROJECTION	200	0.42999999999999999
step02B	high_dropout	DUAL_HEAD_GENE_FIRST_PPR	200	0.71999999999999997
step02B	high_dropout	GENE_ONLY_PPR_STAGE3	200	0.65000000000000002
step02B	high_dropout	GRAPH_OT	200	0.52500000000000002
step02B	high_dropout	HETERO_PPR_STANDARD	200	0.52500000000000002
step02B	high_dropout	LEGACY_NEUROTRACE_SIM_PROXY	200	0.80000000000000004
step02B	high_dropout	MEAN_SIGNATURE	200	0.42999999999999999
step02B	high_dropout	RANDOM	200	0.16500000000000001
step02B	high_dropout	SIGNED_GENE_FIRST_PPR_SINGLE_HEAD	200	0.52000000000000002
step02B	high_dropout	SIMPLE_OT	200	0.44
step02B	high_dropout	STAGE_CORRELATION	200	0.45000000000000001
step02B	high_dropout	UNSIGNED_GENE_PPR	200	0.71999999999999997
step02B	low_overlap	DIRECT_NATIVE_PROJECTION	200	0.51000000000000001
step02B	low_overlap	DUAL_HEAD_GENE_FIRST_PPR	200	0.78500000000000003
step02B	low_overlap	GENE_ONLY_PPR_STAGE3	200	0.71999999999999997
step02B	low_overlap	GRAPH_OT	200	0.62
step02B	low_overlap	HETERO_PPR_STANDARD	200	0.61499999999999999
step02B	low_overlap	LEGACY_NEUROTRACE_SIM_PROXY	200	0.81000000000000005
step02B	low_overlap	MEAN_SIGNATURE	200	0.51000000000000001
step02B	low_overlap	RANDOM	200	0.20499999999999999
step02B	low_overlap	SIGNED_GENE_FIRST_PPR_SINGLE_HEAD	200	0.60499999999999998
step02B	low_overlap	SIMPLE_OT	200	0.58499999999999996
step02B	low_overlap	STAGE_CORRELATION	200	0.53000000000000003
step02B	low_overlap	UNSIGNED_GENE_PPR	200	0.78500000000000003
step02B	weak_signal	DIRECT_NATIVE_PROJECTION	200	0.51500000000000001
step02B	weak_signal	DUAL_HEAD_GENE_FIRST_PPR	200	0.72999999999999998
step02B	weak_signal	GENE_ONLY_PPR_STAGE3	200	0.73999999999999999
step02B	weak_signal	GRAPH_OT	200	0.63
step02B	weak_signal	HETERO_PPR_STANDARD	200	0.60999999999999999
step02B	weak_signal	LEGACY_NEUROTRACE_SIM_PROXY	200	0.84499999999999997
step02B	weak_signal	MEAN_SIGNATURE	200	0.51500000000000001
step02B	weak_signal	RANDOM	200	0.125
step02B	weak_signal	SIGNED_GENE_FIRST_PPR_SINGLE_HEAD	200	0.62
step02B	weak_signal	SIMPLE_OT	200	0.56499999999999995
step02B	weak_signal	STAGE_CORRELATION	200	0.53500000000000003
step02B	weak_signal	UNSIGNED_GENE_PPR	200	0.72999999999999998
