program	top_n	state_id	stage_order	magnitude_cosine	cosine_z	stage_affinity_z_softmax	stage_rank	top_stage	localization_contrast
NTM1_ASD_up	50	early_prenatal	1	0.049414282257402603	0.43868793178131621	0.16078950628374539	2	late_prenatal	0.1146415655303256
NTM1_ASD_up	50	mid_prenatal	2	0.047313964901767799	0.40860434102341647	0.1560244154702716	3	late_prenatal	0.1146415655303256
NTM1_ASD_up	50	late_prenatal	3	0.1315945774585259	1.6157854606672428	0.52175264951299327	1	late_prenatal	0.1146415655303256
NTM1_ASD_up	50	early_postnatal	4	0.012692375024327599	-0.087292975858937499	0.095022640812287798	4	late_prenatal	0.1146415655303256
NTM1_ASD_up	50	childhood_adolescence	5	-0.042067455596716603	-0.87163746073202419	0.043370119043237301	5	late_prenatal	0.1146415655303256
NTM1_ASD_up	50	adulthood	6	-0.086226791400891498	-1.5041472968810139	0.023040668876942699	6	late_prenatal	0.1146415655303256
NTM1_ASD_up	100	early_prenatal	1	0.080800267864374997	0.64261293909228046	0.20307193118432909	2	late_prenatal	0.16381471544062559
NTM1_ASD_up	100	mid_prenatal	2	0.070575875676968394	0.53269751430083789	0.18193415434389079	3	late_prenatal	0.16381471544062559
NTM1_ASD_up	100	late_prenatal	3	0.15741812506382061	1.4662789493867547	0.46276819380346201	1	late_prenatal	0.16381471544062559
NTM1_ASD_up	100	early_postnatal	4	0.0010247428507937999	-0.21499899119228111	0.0861377989079391	4	late_prenatal	0.16381471544062559
NTM1_ASD_up	100	childhood_adolescence	5	-0.065288814447285404	-0.92789054369237078	0.042226871099141	5	late_prenatal	0.16381471544062559
NTM1_ASD_up	100	adulthood	6	-0.1183858061202213	-1.4986998678952208	0.023861050660774999	6	late_prenatal	0.16381471544062559
NTM1_ASD_up	200	early_prenatal	1	0.083980027881991395	0.52298123955160991	0.17238069371039341	2	late_prenatal	0.16788739783746481
NTM1_ASD_up	200	mid_prenatal	2	0.055321784279753497	0.24637363295995571	0.13072524574419139	3	late_prenatal	0.16788739783746481
NTM1_ASD_up	200	late_prenatal	3	0.2019171816196563	1.6613034018023338	0.538090912792206	1	late_prenatal	0.16788739783746481
NTM1_ASD_up	200	early_postnatal	4	0.018311687251147801	-0.1108455497958246	0.091457883543402396	4	late_prenatal	0.16788739783746481
NTM1_ASD_up	200	childhood_adolescence	5	-0.057385094210440399	-0.84146623393106446	0.044047028516096001	5	late_prenatal	0.16788739783746481
NTM1_ASD_up	200	adulthood	6	-0.1233697927717005	-1.4783464905870105	0.023298235693172499	6	late_prenatal	0.16788739783746481
NTM1_ASD_up	500	early_prenatal	1	0.1154408649102812	0.48957166477135178	0.1649952810247185	2	late_prenatal	0.23728173036701261
NTM1_ASD_up	500	mid_prenatal	2	0.076244640987866999	0.22424815348772059	0.12654441615084211	3	late_prenatal	0.23728173036701261
NTM1_ASD_up	500	late_prenatal	3	0.2935865201248814	1.6954590189976335	0.551038251039494	1	late_prenatal	0.23728173036701261
NTM1_ASD_up	500	early_postnatal	4	0.0260010362240479	-0.115856282640381	0.090061153798134494	4	late_prenatal	0.23728173036701261
NTM1_ASD_up	500	childhood_adolescence	5	-0.080498677756557793	-0.83676445277353051	0.0437976759773369	5	late_prenatal	0.23728173036701261
NTM1_ASD_up	500	adulthood	6	-0.17207552354549821	-1.4566581018427949	0.0235632220089226	6	late_prenatal	0.23728173036701261
NTM2_ASD_down	50	early_prenatal	1	-0.090808381754325401	-1.0000287913687338	0.037791980776246001	5	adulthood	-0.16104121644419869
NTM2_ASD_down	50	mid_prenatal	2	-0.071471820155442595	-0.77331581632143187	0.047408896757271002	4	adulthood	-0.16104121644419869
NTM2_ASD_down	50	late_prenatal	3	-0.095826596349710899	-1.0588652269225789	0.035632583844844599	6	adulthood	-0.16104121644419869
NTM2_ASD_down	50	early_postnatal	4	0.064546763967103099	0.82144433327649991	0.2335906106445079	2	adulthood	-0.16104121644419869
NTM2_ASD_down	50	childhood_adolescence	5	0.034131827853095598	0.46484212057087387	0.16352532041685319	3	adulthood	-0.16104121644419869
NTM2_ASD_down	50	adulthood	6	0.12633825925291839	1.5459233807653712	0.48205060755979501	1	adulthood	-0.16104121644419869
NTM2_ASD_down	100	early_prenatal	1	-0.1026818805548752	-0.99023598532453361	0.037906247963369201	5	adulthood	-0.1827149591075809
NTM2_ASD_down	100	mid_prenatal	2	-0.081712543768284296	-0.77515682850130785	0.047002232906920897	4	adulthood	-0.1827149591075809
NTM2_ASD_down	100	late_prenatal	3	-0.10809179886005089	-1.0457246581138311	0.035860172539009902	6	adulthood	-0.1827149591075809
NTM2_ASD_down	100	early_postnatal	4	0.073565548959059604	0.81750590550904811	0.23110169303774619	2	adulthood	-0.1827149591075809
NTM2_ASD_down	100	childhood_adolescence	5	0.034639301348769601	0.41824556649503608	0.15502672233729459	3	adulthood	-0.1827149591075809
NTM2_ASD_down	100	adulthood	6	0.1474538038317029	1.5753659999355882	0.4931029312151658	1	adulthood	-0.1827149591075809
NTM2_ASD_down	200	early_prenatal	1	-0.1281579778493841	-1.0837298947410745	0.034735368484438298	6	adulthood	-0.21959237511653151
NTM2_ASD_down	200	mid_prenatal	2	-0.1013665954856364	-0.85476643690574172	0.043672643113906597	4	adulthood	-0.21959237511653151
NTM2_ASD_down	200	late_prenatal	3	-0.1039109901773819	-0.87651124270972303	0.042733240548657597	5	adulthood	-0.21959237511653151
NTM2_ASD_down	200	early_postnatal	4	0.11046405215296951	0.95557230934955639	0.26694980290579617	2	adulthood	-0.21959237511653151
NTM2_ASD_down	200	childhood_adolescence	5	0.038971330490076297	0.34458402439473418	0.14490413004874439	3	adulthood	-0.21959237511653151
NTM2_ASD_down	200	adulthood	6	0.17590617919414619	1.514851240612249	0.46700481489798967	1	adulthood	-0.21959237511653151
NTM2_ASD_down	500	early_prenatal	1	-0.17113465490513069	-1.1059746536825987	0.033934470062981698	6	adulthood	-0.28724297605080351
NTM2_ASD_down	500	mid_prenatal	2	-0.12732974928304899	-0.82224961769166571	0.045067273937173802	4	adulthood	-0.28724297605080351
NTM2_ASD_down	500	late_prenatal	3	-0.133542759159127	-0.86249137659214936	0.043289693916231602	5	adulthood	-0.28724297605080351
NTM2_ASD_down	500	early_postnatal	4	0.15663248230091639	1.0169780494400471	0.2835487360670475	2	adulthood	-0.28724297605080351
NTM2_ASD_down	500	childhood_adolescence	5	0.042029645942927601	0.27469374569433969	0.1349763682578114	3	adulthood	-0.28724297605080351
NTM2_ASD_down	500	adulthood	6	0.2310596365612598	1.4990438528320269	0.45918345775829461	1	adulthood	-0.28724297605080351
NTM3_ASD_signed	50	early_prenatal	1	-0.00938195220339	-0.81316685444903591	0.044079742374441601	5	early_postnatal	0.0018449254490267
NTM3_ASD_signed	50	mid_prenatal	2	0.0015881932831350999	-0.37698500760412701	0.068182106826102304	3	early_postnatal	0.0018449254490267
NTM3_ASD_signed	50	late_prenatal	3	0.043769691836997797	1.3001854514849671	0.36480122867088383	2	early_postnatal	0.0018449254490267
NTM3_ASD_signed	50	early_postnatal	4	0.0478794450095111	1.4635925577139093	0.42955927125231291	1	early_postnatal	0.0018449254490267
NTM3_ASD_signed	50	childhood_adolescence	5	-0.0150293924847715	-1.0377136423567288	0.035214345155785802	6	early_postnatal	0.0018449254490267
NTM3_ASD_signed	50	adulthood	6	-0.0024088959550768001	-0.53591250478898445	0.058163305720043697	4	early_postnatal	0.0018449254490267
NTM3_ASD_signed	100	early_prenatal	1	-0.0069505702946397003	-0.71602712760860987	0.050387059143723899	5	late_prenatal	0.0058392343518024001
NTM3_ASD_signed	100	mid_prenatal	2	-9.2325987311238714e-05	-0.40341421592841298	0.068878720954870201	4	late_prenatal	0.0058392343518024001
NTM3_ASD_signed	100	late_prenatal	3	0.042075623761746998	1.5186878498366141	0.47080752398356618	1	late_prenatal	0.0058392343518024001
NTM3_ASD_signed	100	early_postnatal	4	0.030591238503499801	0.99520589825296324	0.27893182718267739	2	late_prenatal	0.0058392343518024001
NTM3_ASD_signed	100	childhood_adolescence	5	-0.0224753062232412	-1.4236765906818745	0.024830802431496001	6	late_prenatal	0.0058392343518024001
NTM3_ASD_signed	100	adulthood	6	0.0093990921441302003	0.0292241861293202	0.1061640663031953	3	late_prenatal	0.0058392343518024001
NTM3_ASD_signed	200	early_prenatal	1	-0.012011588018209901	-0.83118577627084078	0.044193974748669401	5	early_postnatal	-0.0027303569543465
NTM3_ASD_signed	200	mid_prenatal	2	-0.0033948340094027999	-0.54212798209548363	0.059006420266602598	4	early_postnatal	-0.0027303569543465
NTM3_ASD_signed	200	late_prenatal	3	0.0496085589683486	1.2359248487383876	0.34921894912993168	2	early_postnatal	-0.0027303569543465
NTM3_ASD_signed	200	early_postnatal	4	0.055474232037878997	1.4326948293017538	0.42516148755042488	1	early_postnatal	-0.0027303569543465
NTM3_ASD_signed	200	childhood_adolescence	5	-0.022816087876997501	-1.1936337344180761	0.030757704131705602	6	early_postnatal	-0.0027303569543465
NTM3_ASD_signed	200	adulthood	6	0.0097350636428940006	-0.101672185255741	0.091661464172240498	3	early_postnatal	-0.0027303569543465
NTM3_ASD_signed	500	early_prenatal	1	-0.0211686305687547	-0.8491686388804387	0.043044931041384599	4	late_prenatal	-0.012955690717604801
NTM3_ASD_signed	500	mid_prenatal	2	-0.0245144859727165	-0.91082670328115845	0.040471030169188398	6	late_prenatal	-0.012955690717604801
NTM3_ASD_signed	500	late_prenatal	3	0.1009832932722291	1.4018704161668869	0.4088235043268168	1	late_prenatal	-0.012955690717604801
NTM3_ASD_signed	500	early_postnatal	4	0.095915081885276296	1.3084724457336241	0.37236909852750411	2	late_prenatal	-0.012955690717604801
NTM3_ASD_signed	500	childhood_adolescence	5	-0.022592813899160898	-0.87541376214567057	0.041929907487784697	5	late_prenatal	-0.012955690717604801
NTM3_ASD_signed	500	adulthood	6	0.0208449808974569	-0.074933757593243694	0.093361528446912298	3	late_prenatal	-0.012955690717604801
