file	bytes	sha256
Cover_Letter_EAPCN.docx	35082	eaf1058a5b46ea65e96cba7c20b9637f13516b753bf2a03e61ef75ca42efbdcf
ESM_1.pdf	1229574	529a80921140d3aacdec4f75d11a173dcb08a9d783197ab5ce3554b0eedfff5c
ESM_2.xlsx	320721	fa088e734da5e9a14f57a90cb4b1bd9ebcd9d26825d2bea694c02ba449fbfa31
ESM_3.pdf	92745	aa5de4c11bb93ad7492250e978f1489872d7cfdf37c79338eee21ef0d3e488d0
Fig1.tiff	553446	742b13fc7fe4c9d7e37ae978bedfdc095961c042f22d639a799d36032040eabe
Fig2.tiff	720578	1d49901412edbdfdc9d4283339edb12e85597df35496f5e8853f53b3b95aeb1f
Fig3.tiff	992502	68699afc2e9ac5c58a71b7a437c56434edf39837c66073c9b0f3cffff2a218f0
Fig4.tiff	919220	a5aed8a2d8c6eeb0cdd1df4ff6d76ebfa73b79da0132b3f2f9afcbf73605950c
Fig5.tiff	1085794	fdfec6bbd4610e7775e5de1dc6ae4f07b1943064b81328eafcd3763a0d2e4690
Manuscript_EAPCN.docx	3078984	dc725132250f7a515a4934447c7d1891b21e68ad01ee269a5443e0e585aebfea
Title_Page_EAPCN.docx	34777	8c494c77e67b05835b0c0e2a264b48766866c960746ce2c4a3ec0910fd4831f0
