path	bytes	sha256
.gitignore	98	21828aec91a320ea73145f972b5e9519c782b5f7aa3eaea8626482f9ec3f87f2
CITATION.cff	494	2a0b8d347af5e68fcd8e8e55787510985f22095f4032d119cd66b6139778aa90
LICENSE	742	d5b33ffef58b42c9bbf3952847336f1f0e0b43c3dbf52d3899f1601ddc3439c4
README.md	3349	087b2bbb501a5f70310039098a7f2cf37b83782f4212b1ad6ecbdb49a40e05c1
RUN_FIRST.md	1288	53e8596cc1e070c3c12f78c61d70c89dab8570510e99d7a639e370575d1652d3
data/README.md	306	0cc42a96a582508659157b6a5d414dc6b0db0e64b051af34891797ddacfcb140
documentation/ESM_3.pdf	92796	2f18272b44ebb342cb38cd1d478442275673a81c8a6a26d220954ee278bf17dc
documentation/Supplementary_Methods.txt	11621	a5c0a3719612738881f0aced4cd3f6f5d468cf9e94682216c075593ab3e0710d
documentation/processed_data_README.md	913	df0f834c8ec9c152b01b4cd09fbbc9bc05a207148d8c5b08da63c8848af86091
documentation/source_index.tsv	13258	cd5323afb57ab3c204f22e858ef4ec7f9543a5fe4236517f4004b8eb19836119
documentation/stage_labels.tsv	341	a56226d6cf8c8faee07093d5ca5f1b609ef31dc9bfb96ec445acd840e1859d26
environment/DEPENDENCIES.md	427	77ca9ce8858534d85f19e998244382afc1e8002d262716ee6c5f072ea51b9793
environment/environment.yml	165	7090a8a325e91970265fd2ed2fa5c0c6c9bf0e2eb232545a47aa7e990d016d7c
environment/requirements.txt	64	c290498e7745b28442acb988362a425b5faf4da105ec9d5dc619e99fb02036ab
figure_source_data/Fig1A_method_components.tsv	386	3e5bcb776e5aa62a2e426544bc70fe96ea38feca287a07aeadae013efebfe62c
figure_source_data/Fig1B_method_components.tsv	287	00c1492dd01e709847082b53e67e2ca1d67b38d1af7b4b0d77960cce85a898e1
figure_source_data/Fig1C_method_components.tsv	249	3efde7f710598377f41dd69877ab2ac141cd2f4c421259ebb25328cb9690dffc
figure_source_data/Fig1_method_components.tsv	810	b9c425977d17608b02faa13851d7150c14fc8b2cf4a1e92343242a910208b956
figure_source_data/Fig2A_stage_profiles.tsv	4858	1c8c21abfbc81138d6e0c3902db911a405542e130c6a927fe058145e110a1ded
figure_source_data/Fig2B_contrast_null_interval.tsv	1118	8ad80a07ad3d3677c4dddca01fd7df3acb241af1a6dc3c0796710f32478b0e13
figure_source_data/Fig2C_empirical_null_replicates.tsv	2041182	a549ce15d6a37d583ba30463afc7c974f3264d1242e7b93313346e40e5507d79
figure_source_data/Fig2C_top_stage_null_frequency.tsv	1386	10944041a0b23ce5346ce540aec72dc4bb37e6bf39b97c17c1afd30d4d71409e
figure_source_data/Fig2D_observed_stage_frequency.tsv	1118	8ad80a07ad3d3677c4dddca01fd7df3acb241af1a6dc3c0796710f32478b0e13
figure_source_data/Fig2D_summary.tsv	1118	8ad80a07ad3d3677c4dddca01fd7df3acb241af1a6dc3c0796710f32478b0e13
figure_source_data/Fig3A_NTM3_channel_profiles.tsv	1668	6396003c45376d0e94959d03165619bdc7e058875b1421ce9d3dcd50e3d795e0
figure_source_data/Fig3B_all_channel_heatmap.tsv	4254	5d08da6ab09609c8601a80444b88d95920aa22a9cfc5a3a463d0208c3a545cc0
figure_source_data/Fig3C_readout_contrasts.tsv	1078	912a561f3f2dfd2dd1023cf11055181e5743e3d462e79250233f829f41c34c1d
figure_source_data/Fig3D_channel_composition.tsv	1727	063a576f26ad3dfb7893c1389f58118abbc155275853acd97326a4520422922b
figure_source_data/Fig3_channels.tsv	3258	7be932a1bdce49dc2ac1ab6b5ec41b4422662fd63ea4b9f6ef5c4f7c6596bfc3
figure_source_data/Fig4A_forest.tsv	11159	18a7bc151f351393e22d5722d38e98915ed63f9627f106d68fd112563e66c8d6
figure_source_data/Fig4B_paired_beta.tsv	6339	619b9e654ec1dce7f46457d3a4faf6fe8d5dfb858303d4613a47bc9d6233e2c1
figure_source_data/Fig4C_effect_FDR_matrix.tsv	2118	0fa7582591f361ee58cb6dabc62ddfb426940b47322808d87d6a30eebe56436c
figure_source_data/Fig4D_cohort_summary.tsv	217	c8a55239f798154da4f620fea9f93b6cd3ef7022ac5b45cb96eb35d5e5512ff3
figure_source_data/Fig5A_condition_matrix.tsv	6817	a55b69b7a5f6bd3b887a71a854a4915d88565743f4df973f0adeab18335a539f
figure_source_data/Fig5B_developmental_metrics.tsv	3764	f151ba01d353691bfb01567a6b1586bf47cbf6d84b86644217d0059c349fd831
figure_source_data/Fig5C_gene_metrics.tsv	3764	f151ba01d353691bfb01567a6b1586bf47cbf6d84b86644217d0059c349fd831
figure_source_data/Fig5D_tradeoff.tsv	1970	9a625e50e614878a22d921e431aa566e5b438ee0a3c966e173a8263387fdd606
figure_source_data/MDD_individual_models.tsv	1756	fdc9d285a07304be506028ab4640e7931e73ffb83fb4b67556b82e4dd8dc7848
figure_source_data/Supplementary_FigureS1A_threshold_stage_profiles.tsv	9579	d7b8e2040239d9df279af5391fe63b0709cce8228b2d0facc8c87e76310aebe6
figure_source_data/Supplementary_FigureS1B_top_stage_calls.tsv	2435	2702b1da9f5b35b6e181f601aea531410da28f5e82543eb8fbbeeff012054d98
figure_source_data/Supplementary_FigureS1C_threshold_contrasts.tsv	1167	4dcd0ad6bcf2727fd443e973ccbea4d2b17ea9aa59f345d0c20386b2318d7054
figure_source_data/Supplementary_FigureS1D_gene_counts.tsv	1182	a679b46c3d776574fe96525ae8ad0f61843f776cf0e47abd2f7fd0a2cf2d6cf8
figure_source_data/Supplementary_FigureS2A_alignment_hit_top1_mean.tsv	8416	d687893681d1bf439069480744b91ff8d5404d759f0f4bb4b119f8ec1bf0419a
figure_source_data/Supplementary_FigureS2B_true_stage_mass_mean.tsv	7659	4e83cccb29786b300ca125db2360cd9d9840f632a4631080e7d361b9ec36184a
figure_source_data/Supplementary_FigureS2C_gene_auprc_mean.tsv	9454	b886a2ba9ee29123a8b5263cdb2b6fc6fe8be363644cbeac41631d135b427f4a
figure_source_data/Supplementary_FigureS2D_precision_at_50_mean.tsv	8794	a7c261815dd636b5863bb06f70193b0fb2ba2208182a444f84cbec4ee5ba7834
figure_source_data/Supplementary_FigureS3_empirical_null_distributions.tsv	2041182	a549ce15d6a37d583ba30463afc7c974f3264d1242e7b93313346e40e5507d79
figure_source_data/Supplementary_FigureS4A_q_pos_profiles.tsv	2156	0806cee9ee2954bab3c84059de950f4a7e665f853f59822e20f943fb8ed20042
figure_source_data/Supplementary_FigureS4B_q_neg_profiles.tsv	2156	630306a652b7948eb4ccb564330c5a33626e86662bfee643dd5a1ced54970917
figure_source_data/Supplementary_FigureS4C_channel_contrasts.tsv	614	c8e0507ba1077c8303b7eadcbeb1d178fde54238ef99f737d4366d84f5a4c58b
figure_source_data/Supplementary_FigureS4D_channel_composition.tsv	1727	063a576f26ad3dfb7893c1389f58118abbc155275853acd97326a4520422922b
figure_source_data/Supplementary_FigureS5A_NATIVE_SIGNED_MODULE.tsv	5702	65d09252478ed997d4e4dd69274ad3880666dc36dd4bb208cc1aa44550f09a71
figure_source_data/Supplementary_FigureS5B_SIGNED_GENE_PPR.tsv	5605	7bcd2bcf53661f9d727c74a5a7bac1c9314e3215abe9240f3263994a078581ec
figure_source_data/Supplementary_FigureS5C_UNSIGNED_GENE_PPR.tsv	5616	6facc5b12abab618c950b87a3c8994e31f8519c2d28c206fa6730504e3389484
figure_source_data/Supplementary_FigureS5D_mapping_and_score_sd.tsv	2609	f08146db90a4062c30b48d1d10e1f966fb11e7abbd754f1f21723d3e75d46c34
figure_source_data/Supplementary_FigureS6A_marker_PC_adjustment.tsv	472	a6c1eb99916b58ec1c6644929f44136c062a0d851952317958590be9da9eb97c
figure_source_data/Supplementary_FigureS6B_all_marker_adjustment.tsv	483	744ccb70314054c2a5c87d05e4bab53e7ebbf3db0997aacb90162dfcd7c88a71
figure_source_data/Supplementary_FigureS6C_NNLS_adjustment.tsv	647	74d7ebc2723662ba520cce171b4d0947e366876c956bdb293564c1285125c95a
figure_source_data/Supplementary_FigureS6D_celltype_localization.tsv	6668	92d05e5e5129e88ba48d2ed0eb6bca48fdd9847ee7ca9fbbdf845472b89c41ce
figure_source_data/Supplementary_FigureS7A_cross_disorder_heatmap.tsv	375	49591960caa388fd075f6bd7914f4ca689e185bbd4b29ca1429b8ee7a0276fc8
figure_source_data/Supplementary_FigureS7B_disease_summary.tsv	96	b2fe8ee7f8fc1798f675476fb615f7660f1763961f011c5abdc03399be611ac6
figure_source_data/Supplementary_FigureS7C_MDD_forest.tsv	1121	af23e9aaf6bed30bef9ad06fea72ccf1e7dbe4203b2b76428a025c2838598971
metadata/SUBMISSION_FILE_HASHES.tsv	971	5aeb46167501db46b0345daabb7286d0907746f9d624c4fe45c71afba634317e
metadata/zenodo_publication.json	271	f1853dbaeb8d7eac80deacc705368d0036b0c4bfe7ff089752904b2df4ca1cb9
processed_inputs/BrainSpan_stage_profiles.tsv.gz	488569	54b9f9c18c6d78b0722995845e9cd7497466aaaff35ee5335fcde8d29f619951
processed_inputs/graph_edges.tsv.gz	807691	28898e06d7d93375da33d0e0ea70910c91b296491533c6ffffd4f4f89df6ae9b
processed_inputs/graph_nodes.tsv	280587	b48c547ad24ede2bffaf04e5914972d20772412da9e842222c587319e9150364
processed_inputs/native_module_weights.tsv	637305	e1851dcc7358c0d962f470c964e983803b95741f21661f3d268de2b3e1137a27
processed_inputs/observed_developmental_contrasts.tsv	1169	61e6e0e566d5bb5e3a2499ad67e46e5cbdebffa49490be470f164ebf8fdf6e68
processed_results/MDD_individual_models.tsv	1756	fdc9d285a07304be506028ab4640e7931e73ffb83fb4b67556b82e4dd8dc7848
processed_results/final_external_CI.tsv	13927	24fd7ad134341a707411edea3b4aaa892ad65d306aedde4b42967d94befa4d6c
processed_results/final_unified_calibration.tsv	3535	97eedb7a101a9eef64e111aa4efc1435a7ad2665f681e4850b874b7c3a9f632a
processed_results/unified_matching_null_replicates.tsv.gz	454979	d0cbc9d11857ab6c1d8d66194a22b720264aeac7799c9a937d3cd0c70727c157
processed_results/unified_matching_sensitivity_draw_manifest_first3.tsv	13982	8ecb80085c6d10391174f6d29577e57399fe1a451d920e06d5602b1807df5876
processed_results/unified_matching_sensitivity_results.tsv	2646	64cace114ac44f86794d82fbada0b9949537624f5341057cd0a544bf170bd727
scripts/analysis/run_dual_head_ppr.py	27460	f1686302500d64ce9218c31474bcbd1b08894b803fca98198df568fbb1d1a0eb
scripts/calibration/unified_matcher.R	10545	ac8ec9a9e399b8e7e8d038a145830181c5b99e197362e1f35543500f74ffd2c8
scripts/calibration/update_MDD_CI.R	372	a052f25bae6603432f2ea941fc9c881b747eb5ffd626af4a6be426983bef91a0
scripts/figures/Fig1.R	6532	9a7da66764061d30a87587894098dd2ad58aec13e5713c10566b25794a6bd290
scripts/figures/Fig2.R	4315	a6e57dc959e41de971718c388a350e0eb69f2b166523c10e72fe41afb507b1c3
scripts/figures/Fig3.R	3988	5153a81bc59154f1f21899a334e783d176f8cd8a54f6c4b331e9c63286d3c56e
scripts/figures/Fig4.R	4488	876003a999f2ab689b0f274093826080d2c0b326028e105329e33d165ba05300
scripts/figures/Fig5.R	6861	fbe750ed4e370ac58e87b1ca5c83c7d4025c7a668ae9b357f8f31169dab7c3a4
scripts/figures/S2.R	1699	e03fa9a1eb5cd8673d248e1b42bb41bf91ebd2266f5e2a03b6b3684d91a97176
scripts/figures/S3.R	577	7b0feb85dc01d4b7ad04377cc4259d8c532ea65c68587113d148d3d3ce1e5c1d
scripts/figures/S5.R	2517	179d26d1dbce65144db3d48a814733eb136254eea444b60ff4b91318304af64d
scripts/figures/S7.R	2520	cabc3cef7cb3b143250f46a5575074cfcec65dd273c961eab4db670cc19a428f
scripts/figures/current_structures.py	15251	8d6d3b09750ed24c1f8f4c38361064697664e5a561037642ae5fbb85f3584d62
scripts/figures/null_display.R	4385	e046301d7116c9ba9f8039bfd9830acd4141b33d0de5e8a04f8b621a42c02468
scripts/figures/render_structure_figures.py	1059	a9f5ca6827fedb1adc0e330c71163d429464e7d1c170ce5d96d8ab6cf1c55e8b
scripts/figures/render_submission_figures.R	187	f8dd5b2ac80d87e9dbe2d931c9bb8e3cab3551aa728a9ca70d991ccd5920bff4
scripts/figures/theme.R	5279	8a16d387c3b524ebf3fd8e1a1a5f31810b65945278d42213f8bde390494e5ad9
scripts/simulation/run_confirmatory_simulation.py	51450	4d2bce2343697f1323e703b5bf1217bd1b8d4da61c3f210ce4bced6b19fd2849
scripts/simulation/run_matched_random_calibration.py	16832	2547805f3f061f2179a551f50742f584ca1bf3350a64d468a99c9067faece945
scripts/simulation/summarize_simulation_tradeoffs.py	6209	0318cb9533f7181ab1b7f1c58c3573379922a0075fa0690d2b997dbbba4f5606
scripts/validation/run_external_asd_validation.py	15141	0a741dfe2f72f4df0ff637a8c7c5a698c3bc30b75f25ea1d782f638dfd994e87
supplementary_tables/README.tsv	11378	346cfeacb28492a76087860ca93231ed7291d3333ecab0b14ba402518cc74faf
supplementary_tables/S10_Cross_disorder_context.tsv	36645	7040972dc589e7d33dc013ea054114cbbd0398a2f89d520efbde2277189f1732
supplementary_tables/S11_Figure_source_index.tsv	22418	e8b61c6f5a049a0590b2fa9160822c47e3e35dbafe6a29140e818c0a69a44cdc
supplementary_tables/S12_Software_versions.tsv	899	47e12b2298844935b477590a286082424f7ec163e929559ef5addc89982754bd
supplementary_tables/S1_Cohorts_resources.tsv	8706	af5e85cab0539a97768456226c3c4f1f9eb70348c582a2a3d069aa25af645315
supplementary_tables/S2_Final_method_parameters.tsv	3252	5ddf5905dde0e539743918c6e225488844735e1df7451963c770768aff274e76
supplementary_tables/S3_Native_module_weights.tsv	212383	cf33d72ee542d46bfe8bbd76992a9f2b94f9136e631f699b1f7f2c89097dd993
supplementary_tables/S4_Developmental_localization.tsv	18623	87d8b446350801bafe6c0e0f6405c9c96d9462456768f99dbb69359e7d7c6b49
supplementary_tables/S5_Channel_localization.tsv	4528	8ceea31d4a9fd885e2deb1da7bd0cd0fc2a13afd3568e6c072fc0cc3e0854945
supplementary_tables/S6_Matched_random_calibration.tsv	3486	391362e5fbaa6e291233ee03ad57310595222163f72a4a958dc74348b7828f5e
supplementary_tables/S7_Confirmatory_sim_global.tsv	3749	40745a4631de3a208c55d1f01ef51d4e32cddb67d950a68b6ec84f38afaa089a
supplementary_tables/S7b_Confirmatory_sim_condition.tsv	32853	566ac831f1588c9be6b6d342622fb6add59dc1b1cf546e9a616233630ae64d42
supplementary_tables/S7c_Paired_method_deltas.tsv	217924	fe43fbd03bd5cdd792e739d2f7a765e5da69f7c492d3fa0a0cd60ba6f1b4f4ec
supplementary_tables/S8_External_validation.tsv	13904	51329c08abd24767a91184f01ccf4847bef90d77b173d67bd5a004636c414375
supplementary_tables/S9_Composition_cell_context.tsv	60947	13c2bb730d3a71a48b2b6648119e64481e37bfba6e1c52ba8032ad541bbd5b88
