figure_panel	score_context	dataset_or_reference	disease	module	top_n	statistic	value	interpretation_note	source_data_file
FigureS7A	Native ASD-derived NTM score; secondary context	NA	BD	NTM1_ASD_up	NA	beta	0.175345504938936	Descriptive native-module mean coefficient; no significance test of the averaged effect.	Supplementary_FigureS7A_cross_disorder_heatmap.tsv
FigureS7A	Native ASD-derived NTM score; secondary context	NA	BD	NTM1_ASD_up	NA	n_datasets	2	Descriptive native-module mean coefficient; no significance test of the averaged effect.	Supplementary_FigureS7A_cross_disorder_heatmap.tsv
FigureS7A	Native ASD-derived NTM score; secondary context	NA	BD	NTM2_ASD_down	NA	beta	0.159910000777092	Descriptive native-module mean coefficient; no significance test of the averaged effect.	Supplementary_FigureS7A_cross_disorder_heatmap.tsv
FigureS7A	Native ASD-derived NTM score; secondary context	NA	BD	NTM2_ASD_down	NA	n_datasets	2	Descriptive native-module mean coefficient; no significance test of the averaged effect.	Supplementary_FigureS7A_cross_disorder_heatmap.tsv
FigureS7A	Native ASD-derived NTM score; secondary context	NA	BD	NTM3_ASD_signed	NA	beta	0.180835976265587	Descriptive native-module mean coefficient; no significance test of the averaged effect.	Supplementary_FigureS7A_cross_disorder_heatmap.tsv
FigureS7A	Native ASD-derived NTM score; secondary context	NA	BD	NTM3_ASD_signed	NA	n_datasets	2	Descriptive native-module mean coefficient; no significance test of the averaged effect.	Supplementary_FigureS7A_cross_disorder_heatmap.tsv
FigureS7A	Native ASD-derived NTM score; secondary context	NA	MDD	NTM1_ASD_up	NA	beta	-0.0175247503329204	Descriptive native-module mean coefficient; no significance test of the averaged effect.	Supplementary_FigureS7A_cross_disorder_heatmap.tsv
FigureS7A	Native ASD-derived NTM score; secondary context	NA	MDD	NTM1_ASD_up	NA	n_datasets	1	Descriptive native-module mean coefficient; no significance test of the averaged effect.	Supplementary_FigureS7A_cross_disorder_heatmap.tsv
FigureS7A	Native ASD-derived NTM score; secondary context	NA	MDD	NTM2_ASD_down	NA	beta	-0.023449656412735	Descriptive native-module mean coefficient; no significance test of the averaged effect.	Supplementary_FigureS7A_cross_disorder_heatmap.tsv
FigureS7A	Native ASD-derived NTM score; secondary context	NA	MDD	NTM2_ASD_down	NA	n_datasets	1	Descriptive native-module mean coefficient; no significance test of the averaged effect.	Supplementary_FigureS7A_cross_disorder_heatmap.tsv
FigureS7A	Native ASD-derived NTM score; secondary context	NA	MDD	NTM3_ASD_signed	NA	beta	-0.027767115292326	Descriptive native-module mean coefficient; no significance test of the averaged effect.	Supplementary_FigureS7A_cross_disorder_heatmap.tsv
FigureS7A	Native ASD-derived NTM score; secondary context	NA	MDD	NTM3_ASD_signed	NA	n_datasets	1	Descriptive native-module mean coefficient; no significance test of the averaged effect.	Supplementary_FigureS7A_cross_disorder_heatmap.tsv
FigureS7A	Native ASD-derived NTM score; secondary context	NA	SCZ	NTM1_ASD_up	NA	beta	0.257464733191103	Descriptive native-module mean coefficient; no significance test of the averaged effect.	Supplementary_FigureS7A_cross_disorder_heatmap.tsv
FigureS7A	Native ASD-derived NTM score; secondary context	NA	SCZ	NTM1_ASD_up	NA	n_datasets	3	Descriptive native-module mean coefficient; no significance test of the averaged effect.	Supplementary_FigureS7A_cross_disorder_heatmap.tsv
FigureS7A	Native ASD-derived NTM score; secondary context	NA	SCZ	NTM2_ASD_down	NA	beta	0.223152723944456	Descriptive native-module mean coefficient; no significance test of the averaged effect.	Supplementary_FigureS7A_cross_disorder_heatmap.tsv
FigureS7A	Native ASD-derived NTM score; secondary context	NA	SCZ	NTM2_ASD_down	NA	n_datasets	3	Descriptive native-module mean coefficient; no significance test of the averaged effect.	Supplementary_FigureS7A_cross_disorder_heatmap.tsv
FigureS7A	Native ASD-derived NTM score; secondary context	NA	SCZ	NTM3_ASD_signed	NA	beta	0.2523054476252349	Descriptive native-module mean coefficient; no significance test of the averaged effect.	Supplementary_FigureS7A_cross_disorder_heatmap.tsv
FigureS7A	Native ASD-derived NTM score; secondary context	NA	SCZ	NTM3_ASD_signed	NA	n_datasets	3	Descriptive native-module mean coefficient; no significance test of the averaged effect.	Supplementary_FigureS7A_cross_disorder_heatmap.tsv
FigureS7B	Native ASD-derived NTM score; secondary context	GSE12649,GSE21138,GSE53987	SCZ	All modules	NA	n_tests	18	Descriptive direction counts and coefficient summaries; comparisons share controls and nested gene sets.	Supplementary_FigureS7B_disease_summary.tsv
FigureS7B	Native ASD-derived NTM score; secondary context	GSE12649,GSE21138,GSE53987	SCZ	All modules	NA	n_positive	18	Descriptive direction counts and coefficient summaries; comparisons share controls and nested gene sets.	Supplementary_FigureS7B_disease_summary.tsv
FigureS7B	Native ASD-derived NTM score; secondary context	GSE12649,GSE21138,GSE53987	SCZ	All modules	NA	positive_rate	1	Descriptive direction counts and coefficient summaries; comparisons share controls and nested gene sets.	Supplementary_FigureS7B_disease_summary.tsv
FigureS7B	Native ASD-derived NTM score; secondary context	GSE12649,GSE21138,GSE53987	SCZ	All modules	NA	mean_beta	0.249278140794398	Descriptive direction counts and coefficient summaries; comparisons share controls and nested gene sets.	Supplementary_FigureS7B_disease_summary.tsv
FigureS7B	Native ASD-derived NTM score; secondary context	GSE12649,GSE21138,GSE53987	SCZ	All modules	NA	median_beta	0.2791857530818829	Descriptive direction counts and coefficient summaries; comparisons share controls and nested gene sets.	Supplementary_FigureS7B_disease_summary.tsv
FigureS7B	Native ASD-derived NTM score; secondary context	GSE12649,GSE21138,GSE53987	SCZ	All modules	NA	median_auc	0.7089534180278289	Descriptive direction counts and coefficient summaries; comparisons share controls and nested gene sets.	Supplementary_FigureS7B_disease_summary.tsv
FigureS7B	Native ASD-derived NTM score; secondary context	GSE12649,GSE21138,GSE53987	SCZ	All modules	NA	datasets	GSE12649,GSE21138,GSE53987	Descriptive direction counts and coefficient summaries; comparisons share controls and nested gene sets.	Supplementary_FigureS7B_disease_summary.tsv
FigureS7B	Native ASD-derived NTM score; secondary context	GSE12649,GSE21138,GSE53987	SCZ	All modules	NA	programs	NTM1_ASD_up,NTM2_ASD_down,NTM3_ASD_signed	Descriptive direction counts and coefficient summaries; comparisons share controls and nested gene sets.	Supplementary_FigureS7B_disease_summary.tsv
FigureS7B	Native ASD-derived NTM score; secondary context	GSE12649,GSE21138,GSE53987	SCZ	All modules	NA	concordance	1	Descriptive direction counts and coefficient summaries; comparisons share controls and nested gene sets.	Supplementary_FigureS7B_disease_summary.tsv
FigureS7B	Native ASD-derived NTM score; secondary context	GSE12649,GSE53987	BD	All modules	NA	n_tests	12	Descriptive direction counts and coefficient summaries; comparisons share controls and nested gene sets.	Supplementary_FigureS7B_disease_summary.tsv
FigureS7B	Native ASD-derived NTM score; secondary context	GSE12649,GSE53987	BD	All modules	NA	n_positive	12	Descriptive direction counts and coefficient summaries; comparisons share controls and nested gene sets.	Supplementary_FigureS7B_disease_summary.tsv
FigureS7B	Native ASD-derived NTM score; secondary context	GSE12649,GSE53987	BD	All modules	NA	positive_rate	1	Descriptive direction counts and coefficient summaries; comparisons share controls and nested gene sets.	Supplementary_FigureS7B_disease_summary.tsv
FigureS7B	Native ASD-derived NTM score; secondary context	GSE12649,GSE53987	BD	All modules	NA	mean_beta	0.181037646239	Descriptive direction counts and coefficient summaries; comparisons share controls and nested gene sets.	Supplementary_FigureS7B_disease_summary.tsv
FigureS7B	Native ASD-derived NTM score; secondary context	GSE12649,GSE53987	BD	All modules	NA	median_beta	0.169847813103381	Descriptive direction counts and coefficient summaries; comparisons share controls and nested gene sets.	Supplementary_FigureS7B_disease_summary.tsv
FigureS7B	Native ASD-derived NTM score; secondary context	GSE12649,GSE53987	BD	All modules	NA	median_auc	0.6639928698752229	Descriptive direction counts and coefficient summaries; comparisons share controls and nested gene sets.	Supplementary_FigureS7B_disease_summary.tsv
FigureS7B	Native ASD-derived NTM score; secondary context	GSE12649,GSE53987	BD	All modules	NA	datasets	GSE12649,GSE53987	Descriptive direction counts and coefficient summaries; comparisons share controls and nested gene sets.	Supplementary_FigureS7B_disease_summary.tsv
FigureS7B	Native ASD-derived NTM score; secondary context	GSE12649,GSE53987	BD	All modules	NA	programs	NTM1_ASD_up,NTM2_ASD_down,NTM3_ASD_signed	Descriptive direction counts and coefficient summaries; comparisons share controls and nested gene sets.	Supplementary_FigureS7B_disease_summary.tsv
FigureS7B	Native ASD-derived NTM score; secondary context	GSE12649,GSE53987	BD	All modules	NA	concordance	1	Descriptive direction counts and coefficient summaries; comparisons share controls and nested gene sets.	Supplementary_FigureS7B_disease_summary.tsv
FigureS7B	Native ASD-derived NTM score; secondary context	GSE53987	MDD	All modules	NA	n_tests	6	Descriptive direction counts and coefficient summaries; comparisons share controls and nested gene sets.	Supplementary_FigureS7B_disease_summary.tsv
FigureS7B	Native ASD-derived NTM score; secondary context	GSE53987	MDD	All modules	NA	n_positive	0	Descriptive direction counts and coefficient summaries; comparisons share controls and nested gene sets.	Supplementary_FigureS7B_disease_summary.tsv
FigureS7B	Native ASD-derived NTM score; secondary context	GSE53987	MDD	All modules	NA	positive_rate	0	Descriptive direction counts and coefficient summaries; comparisons share controls and nested gene sets.	Supplementary_FigureS7B_disease_summary.tsv
FigureS7B	Native ASD-derived NTM score; secondary context	GSE53987	MDD	All modules	NA	mean_beta	-0.0239979726644965	Descriptive direction counts and coefficient summaries; comparisons share controls and nested gene sets.	Supplementary_FigureS7B_disease_summary.tsv
FigureS7B	Native ASD-derived NTM score; secondary context	GSE53987	MDD	All modules	NA	median_beta	-0.0229364195902094	Descriptive direction counts and coefficient summaries; comparisons share controls and nested gene sets.	Supplementary_FigureS7B_disease_summary.tsv
FigureS7B	Native ASD-derived NTM score; secondary context	GSE53987	MDD	All modules	NA	median_auc	0.4380804953560369	Descriptive direction counts and coefficient summaries; comparisons share controls and nested gene sets.	Supplementary_FigureS7B_disease_summary.tsv
FigureS7B	Native ASD-derived NTM score; secondary context	GSE53987	MDD	All modules	NA	datasets	GSE53987	Descriptive direction counts and coefficient summaries; comparisons share controls and nested gene sets.	Supplementary_FigureS7B_disease_summary.tsv
FigureS7B	Native ASD-derived NTM score; secondary context	GSE53987	MDD	All modules	NA	programs	NTM1_ASD_up,NTM2_ASD_down,NTM3_ASD_signed	Descriptive direction counts and coefficient summaries; comparisons share controls and nested gene sets.	Supplementary_FigureS7B_disease_summary.tsv
FigureS7B	Native ASD-derived NTM score; secondary context	GSE53987	MDD	All modules	NA	concordance	0	Descriptive direction counts and coefficient summaries; comparisons share controls and nested gene sets.	Supplementary_FigureS7B_disease_summary.tsv
FigureS7C	Native ASD-derived NTM score; secondary context	GSE53987	MDD	NTM1_ASD_up	500	n_common_genes	451	MDD applies to the available dataset only	Supplementary_FigureS7C_MDD_forest.tsv
FigureS7C	Native ASD-derived NTM score; secondary context	GSE53987	MDD	NTM1_ASD_up	500	overlap_rate	0.902	MDD applies to the available dataset only	Supplementary_FigureS7C_MDD_forest.tsv
FigureS7C	Native ASD-derived NTM score; secondary context	GSE53987	MDD	NTM1_ASD_up	500	beta_target_vs_Control	-0.0175247503329204	MDD applies to the available dataset only	Supplementary_FigureS7C_MDD_forest.tsv
FigureS7C	Native ASD-derived NTM score; secondary context	GSE53987	MDD	NTM1_ASD_up	500	se	0.0992254238543636	MDD applies to the available dataset only	Supplementary_FigureS7C_MDD_forest.tsv
FigureS7C	Native ASD-derived NTM score; secondary context	GSE53987	MDD	NTM1_ASD_up	500	t	-0.1766155250557779	MDD applies to the available dataset only	Supplementary_FigureS7C_MDD_forest.tsv
FigureS7C	Native ASD-derived NTM score; secondary context	GSE53987	MDD	NTM1_ASD_up	500	p_value	0.860997334141901	MDD applies to the available dataset only	Supplementary_FigureS7C_MDD_forest.tsv
FigureS7C	Native ASD-derived NTM score; secondary context	GSE53987	MDD	NTM1_ASD_up	500	auc_target_vs_Control	0.439628482972136	MDD applies to the available dataset only	Supplementary_FigureS7C_MDD_forest.tsv
FigureS7C	Native ASD-derived NTM score; secondary context	GSE53987	MDD	NTM1_ASD_up	500	n	36	MDD applies to the available dataset only	Supplementary_FigureS7C_MDD_forest.tsv
FigureS7C	Native ASD-derived NTM score; secondary context	GSE53987	MDD	NTM1_ASD_up	500	n_target	17	MDD applies to the available dataset only	Supplementary_FigureS7C_MDD_forest.tsv
FigureS7C	Native ASD-derived NTM score; secondary context	GSE53987	MDD	NTM1_ASD_up	500	n_Control	19	MDD applies to the available dataset only	Supplementary_FigureS7C_MDD_forest.tsv
FigureS7C	Native ASD-derived NTM score; secondary context	GSE53987	MDD	NTM1_ASD_up	500	covariates	age_cov;rin_cov;pmi_cov;sex_cov	MDD applies to the available dataset only	Supplementary_FigureS7C_MDD_forest.tsv
FigureS7C	Native ASD-derived NTM score; secondary context	GSE53987	MDD	NTM1_ASD_up	500	within_disease_fdr	0.87656137295623	MDD applies to the available dataset only	Supplementary_FigureS7C_MDD_forest.tsv
FigureS7C	Native ASD-derived NTM score; secondary context	GSE53987	MDD	NTM1_ASD_up	500	direction_positive	False	MDD applies to the available dataset only	Supplementary_FigureS7C_MDD_forest.tsv
FigureS7C	Native ASD-derived NTM score; secondary context	GSE53987	MDD	NTM1_ASD_up	500	ci_low	-0.22017010043550328	MDD applies to the available dataset only	Supplementary_FigureS7C_MDD_forest.tsv
FigureS7C	Native ASD-derived NTM score; secondary context	GSE53987	MDD	NTM1_ASD_up	500	ci_high	0.18512059976966228	MDD applies to the available dataset only	Supplementary_FigureS7C_MDD_forest.tsv
FigureS7C	Native ASD-derived NTM score; secondary context	GSE53987	MDD	NTM2_ASD_down	500	n_common_genes	447	MDD applies to the available dataset only	Supplementary_FigureS7C_MDD_forest.tsv
FigureS7C	Native ASD-derived NTM score; secondary context	GSE53987	MDD	NTM2_ASD_down	500	overlap_rate	0.894	MDD applies to the available dataset only	Supplementary_FigureS7C_MDD_forest.tsv
FigureS7C	Native ASD-derived NTM score; secondary context	GSE53987	MDD	NTM2_ASD_down	500	beta_target_vs_Control	-0.023449656412735	MDD applies to the available dataset only	Supplementary_FigureS7C_MDD_forest.tsv
FigureS7C	Native ASD-derived NTM score; secondary context	GSE53987	MDD	NTM2_ASD_down	500	se	0.1372797912709199	MDD applies to the available dataset only	Supplementary_FigureS7C_MDD_forest.tsv
FigureS7C	Native ASD-derived NTM score; secondary context	GSE53987	MDD	NTM2_ASD_down	500	t	-0.170816521467878	MDD applies to the available dataset only	Supplementary_FigureS7C_MDD_forest.tsv
FigureS7C	Native ASD-derived NTM score; secondary context	GSE53987	MDD	NTM2_ASD_down	500	p_value	0.8655149203130509	MDD applies to the available dataset only	Supplementary_FigureS7C_MDD_forest.tsv
FigureS7C	Native ASD-derived NTM score; secondary context	GSE53987	MDD	NTM2_ASD_down	500	auc_target_vs_Control	0.4458204334365329	MDD applies to the available dataset only	Supplementary_FigureS7C_MDD_forest.tsv
FigureS7C	Native ASD-derived NTM score; secondary context	GSE53987	MDD	NTM2_ASD_down	500	n	36	MDD applies to the available dataset only	Supplementary_FigureS7C_MDD_forest.tsv
FigureS7C	Native ASD-derived NTM score; secondary context	GSE53987	MDD	NTM2_ASD_down	500	n_target	17	MDD applies to the available dataset only	Supplementary_FigureS7C_MDD_forest.tsv
FigureS7C	Native ASD-derived NTM score; secondary context	GSE53987	MDD	NTM2_ASD_down	500	n_Control	19	MDD applies to the available dataset only	Supplementary_FigureS7C_MDD_forest.tsv
FigureS7C	Native ASD-derived NTM score; secondary context	GSE53987	MDD	NTM2_ASD_down	500	covariates	age_cov;rin_cov;pmi_cov;sex_cov	MDD applies to the available dataset only	Supplementary_FigureS7C_MDD_forest.tsv
FigureS7C	Native ASD-derived NTM score; secondary context	GSE53987	MDD	NTM2_ASD_down	500	within_disease_fdr	0.87656137295623	MDD applies to the available dataset only	Supplementary_FigureS7C_MDD_forest.tsv
FigureS7C	Native ASD-derived NTM score; secondary context	GSE53987	MDD	NTM2_ASD_down	500	direction_positive	False	MDD applies to the available dataset only	Supplementary_FigureS7C_MDD_forest.tsv
FigureS7C	Native ASD-derived NTM score; secondary context	GSE53987	MDD	NTM2_ASD_down	500	ci_low	-0.303812392932118	MDD applies to the available dataset only	Supplementary_FigureS7C_MDD_forest.tsv
FigureS7C	Native ASD-derived NTM score; secondary context	GSE53987	MDD	NTM2_ASD_down	500	ci_high	0.256913080106648	MDD applies to the available dataset only	Supplementary_FigureS7C_MDD_forest.tsv
FigureS7C	Native ASD-derived NTM score; secondary context	GSE53987	MDD	NTM3_ASD_signed	500	n_common_genes	444	MDD applies to the available dataset only	Supplementary_FigureS7C_MDD_forest.tsv
FigureS7C	Native ASD-derived NTM score; secondary context	GSE53987	MDD	NTM3_ASD_signed	500	overlap_rate	0.888	MDD applies to the available dataset only	Supplementary_FigureS7C_MDD_forest.tsv
FigureS7C	Native ASD-derived NTM score; secondary context	GSE53987	MDD	NTM3_ASD_signed	500	beta_target_vs_Control	-0.027767115292326	MDD applies to the available dataset only	Supplementary_FigureS7C_MDD_forest.tsv
FigureS7C	Native ASD-derived NTM score; secondary context	GSE53987	MDD	NTM3_ASD_signed	500	se	0.088628004373157	MDD applies to the available dataset only	Supplementary_FigureS7C_MDD_forest.tsv
FigureS7C	Native ASD-derived NTM score; secondary context	GSE53987	MDD	NTM3_ASD_signed	500	t	-0.3132995658507229	MDD applies to the available dataset only	Supplementary_FigureS7C_MDD_forest.tsv
FigureS7C	Native ASD-derived NTM score; secondary context	GSE53987	MDD	NTM3_ASD_signed	500	p_value	0.7562209933079909	MDD applies to the available dataset only	Supplementary_FigureS7C_MDD_forest.tsv
FigureS7C	Native ASD-derived NTM score; secondary context	GSE53987	MDD	NTM3_ASD_signed	500	auc_target_vs_Control	0.436532507739938	MDD applies to the available dataset only	Supplementary_FigureS7C_MDD_forest.tsv
FigureS7C	Native ASD-derived NTM score; secondary context	GSE53987	MDD	NTM3_ASD_signed	500	n	36	MDD applies to the available dataset only	Supplementary_FigureS7C_MDD_forest.tsv
FigureS7C	Native ASD-derived NTM score; secondary context	GSE53987	MDD	NTM3_ASD_signed	500	n_target	17	MDD applies to the available dataset only	Supplementary_FigureS7C_MDD_forest.tsv
FigureS7C	Native ASD-derived NTM score; secondary context	GSE53987	MDD	NTM3_ASD_signed	500	n_Control	19	MDD applies to the available dataset only	Supplementary_FigureS7C_MDD_forest.tsv
FigureS7C	Native ASD-derived NTM score; secondary context	GSE53987	MDD	NTM3_ASD_signed	500	covariates	age_cov;rin_cov;pmi_cov;sex_cov	MDD applies to the available dataset only	Supplementary_FigureS7C_MDD_forest.tsv
FigureS7C	Native ASD-derived NTM score; secondary context	GSE53987	MDD	NTM3_ASD_signed	500	within_disease_fdr	0.87656137295623	MDD applies to the available dataset only	Supplementary_FigureS7C_MDD_forest.tsv
FigureS7C	Native ASD-derived NTM score; secondary context	GSE53987	MDD	NTM3_ASD_signed	500	direction_positive	False	MDD applies to the available dataset only	Supplementary_FigureS7C_MDD_forest.tsv
FigureS7C	Native ASD-derived NTM score; secondary context	GSE53987	MDD	NTM3_ASD_signed	500	ci_low	-0.20876964748057028	MDD applies to the available dataset only	Supplementary_FigureS7C_MDD_forest.tsv
FigureS7C	Native ASD-derived NTM score; secondary context	GSE53987	MDD	NTM3_ASD_signed	500	ci_high	0.1532354168959181	MDD applies to the available dataset only	Supplementary_FigureS7C_MDD_forest.tsv
									
									
									
									
									
									
									
									
									
									
									
									
									
									
									
									
									
									
									
									
									
									
									
									
									
									
									
									
									
									
									
									
									
Individual MDD model	Native ASD-derived NTM score; secondary context	GSE53987	MDD	NTM1_ASD_up	200	n_common_genes	181	Student-t 95% CI: beta ± t(0.975, 30) × SE; df verified against saved t/P; comparisons share controls and nested gene sets.	MDD_individual_models.tsv
Individual MDD model	Native ASD-derived NTM score; secondary context	GSE53987	MDD	NTM1_ASD_up	200	overlap_rate	0.905	Student-t 95% CI: beta ± t(0.975, 30) × SE; df verified against saved t/P; comparisons share controls and nested gene sets.	MDD_individual_models.tsv
Individual MDD model	Native ASD-derived NTM score; secondary context	GSE53987	MDD	NTM1_ASD_up	200	beta_target_vs_Control	-0.0208539152066845	Student-t 95% CI: beta ± t(0.975, 30) × SE; df verified against saved t/P; comparisons share controls and nested gene sets.	MDD_individual_models.tsv
Individual MDD model	Native ASD-derived NTM score; secondary context	GSE53987	MDD	NTM1_ASD_up	200	se	0.103600889654166	Student-t 95% CI: beta ± t(0.975, 30) × SE; df verified against saved t/P; comparisons share controls and nested gene sets.	MDD_individual_models.tsv
Individual MDD model	Native ASD-derived NTM score; secondary context	GSE53987	MDD	NTM1_ASD_up	200	t	-0.201290889260678	Student-t 95% CI: beta ± t(0.975, 30) × SE; df verified against saved t/P; comparisons share controls and nested gene sets.	MDD_individual_models.tsv
Individual MDD model	Native ASD-derived NTM score; secondary context	GSE53987	MDD	NTM1_ASD_up	200	p_value	0.841829735183194	Student-t 95% CI: beta ± t(0.975, 30) × SE; df verified against saved t/P; comparisons share controls and nested gene sets.	MDD_individual_models.tsv
Individual MDD model	Native ASD-derived NTM score; secondary context	GSE53987	MDD	NTM1_ASD_up	200	auc_target_vs_Control	0.448916408668731	Student-t 95% CI: beta ± t(0.975, 30) × SE; df verified against saved t/P; comparisons share controls and nested gene sets.	MDD_individual_models.tsv
Individual MDD model	Native ASD-derived NTM score; secondary context	GSE53987	MDD	NTM1_ASD_up	200	n	36	Student-t 95% CI: beta ± t(0.975, 30) × SE; df verified against saved t/P; comparisons share controls and nested gene sets.	MDD_individual_models.tsv
Individual MDD model	Native ASD-derived NTM score; secondary context	GSE53987	MDD	NTM1_ASD_up	200	n_target	17	Student-t 95% CI: beta ± t(0.975, 30) × SE; df verified against saved t/P; comparisons share controls and nested gene sets.	MDD_individual_models.tsv
Individual MDD model	Native ASD-derived NTM score; secondary context	GSE53987	MDD	NTM1_ASD_up	200	n_Control	19	Student-t 95% CI: beta ± t(0.975, 30) × SE; df verified against saved t/P; comparisons share controls and nested gene sets.	MDD_individual_models.tsv
Individual MDD model	Native ASD-derived NTM score; secondary context	GSE53987	MDD	NTM1_ASD_up	200	covariates	age_cov;rin_cov;pmi_cov;sex_cov	Student-t 95% CI: beta ± t(0.975, 30) × SE; df verified against saved t/P; comparisons share controls and nested gene sets.	MDD_individual_models.tsv
Individual MDD model	Native ASD-derived NTM score; secondary context	GSE53987	MDD	NTM1_ASD_up	200	within_disease_fdr	0.87656137295623	Student-t 95% CI: beta ± t(0.975, 30) × SE; df verified against saved t/P; comparisons share controls and nested gene sets.	MDD_individual_models.tsv
Individual MDD model	Native ASD-derived NTM score; secondary context	GSE53987	MDD	NTM1_ASD_up	200	direction_positive	False	Student-t 95% CI: beta ± t(0.975, 30) × SE; df verified against saved t/P; comparisons share controls and nested gene sets.	MDD_individual_models.tsv
Individual MDD model	Native ASD-derived NTM score; secondary context	GSE53987	MDD	NTM1_ASD_up	200	ci_low	-0.23243515859569158	Student-t 95% CI: beta ± t(0.975, 30) × SE; df verified against saved t/P; comparisons share controls and nested gene sets.	MDD_individual_models.tsv
Individual MDD model	Native ASD-derived NTM score; secondary context	GSE53987	MDD	NTM1_ASD_up	200	ci_high	0.19072732818232258	Student-t 95% CI: beta ± t(0.975, 30) × SE; df verified against saved t/P; comparisons share controls and nested gene sets.	MDD_individual_models.tsv
Individual MDD model	Native ASD-derived NTM score; secondary context	GSE53987	MDD	NTM1_ASD_up	200	df_resid	30	Student-t 95% CI: beta ± t(0.975, 30) × SE; df verified against saved t/P; comparisons share controls and nested gene sets.	MDD_individual_models.tsv
Individual MDD model	Native ASD-derived NTM score; secondary context	GSE53987	MDD	NTM1_ASD_up	200	ci_method	Student-t 95% CI	Student-t 95% CI: beta ± t(0.975, 30) × SE; df verified against saved t/P; comparisons share controls and nested gene sets.	MDD_individual_models.tsv
FigureS7C	Native ASD-derived NTM score; secondary context	GSE53987	MDD	NTM1_ASD_up	500	df_resid	30	Student-t 95% CI: beta ± t(0.975, 30) × SE; df verified against saved t/P; comparisons share controls and nested gene sets.	MDD_individual_models.tsv
FigureS7C	Native ASD-derived NTM score; secondary context	GSE53987	MDD	NTM1_ASD_up	500	ci_method	Student-t 95% CI	Student-t 95% CI: beta ± t(0.975, 30) × SE; df verified against saved t/P; comparisons share controls and nested gene sets.	MDD_individual_models.tsv
Individual MDD model	Native ASD-derived NTM score; secondary context	GSE53987	MDD	NTM2_ASD_down	200	n_common_genes	176	Student-t 95% CI: beta ± t(0.975, 30) × SE; df verified against saved t/P; comparisons share controls and nested gene sets.	MDD_individual_models.tsv
Individual MDD model	Native ASD-derived NTM score; secondary context	GSE53987	MDD	NTM2_ASD_down	200	overlap_rate	0.88	Student-t 95% CI: beta ± t(0.975, 30) × SE; df verified against saved t/P; comparisons share controls and nested gene sets.	MDD_individual_models.tsv
Individual MDD model	Native ASD-derived NTM score; secondary context	GSE53987	MDD	NTM2_ASD_down	200	beta_target_vs_Control	-0.022423182767684	Student-t 95% CI: beta ± t(0.975, 30) × SE; df verified against saved t/P; comparisons share controls and nested gene sets.	MDD_individual_models.tsv
Individual MDD model	Native ASD-derived NTM score; secondary context	GSE53987	MDD	NTM2_ASD_down	200	se	0.14313164241276	Student-t 95% CI: beta ± t(0.975, 30) × SE; df verified against saved t/P; comparisons share controls and nested gene sets.	MDD_individual_models.tsv
Individual MDD model	Native ASD-derived NTM score; secondary context	GSE53987	MDD	NTM2_ASD_down	200	t	-0.156661255259131	Student-t 95% CI: beta ± t(0.975, 30) × SE; df verified against saved t/P; comparisons share controls and nested gene sets.	MDD_individual_models.tsv
Individual MDD model	Native ASD-derived NTM score; secondary context	GSE53987	MDD	NTM2_ASD_down	200	p_value	0.87656137295623	Student-t 95% CI: beta ± t(0.975, 30) × SE; df verified against saved t/P; comparisons share controls and nested gene sets.	MDD_individual_models.tsv
Individual MDD model	Native ASD-derived NTM score; secondary context	GSE53987	MDD	NTM2_ASD_down	200	auc_target_vs_Control	0.436532507739938	Student-t 95% CI: beta ± t(0.975, 30) × SE; df verified against saved t/P; comparisons share controls and nested gene sets.	MDD_individual_models.tsv
Individual MDD model	Native ASD-derived NTM score; secondary context	GSE53987	MDD	NTM2_ASD_down	200	n	36	Student-t 95% CI: beta ± t(0.975, 30) × SE; df verified against saved t/P; comparisons share controls and nested gene sets.	MDD_individual_models.tsv
Individual MDD model	Native ASD-derived NTM score; secondary context	GSE53987	MDD	NTM2_ASD_down	200	n_target	17	Student-t 95% CI: beta ± t(0.975, 30) × SE; df verified against saved t/P; comparisons share controls and nested gene sets.	MDD_individual_models.tsv
Individual MDD model	Native ASD-derived NTM score; secondary context	GSE53987	MDD	NTM2_ASD_down	200	n_Control	19	Student-t 95% CI: beta ± t(0.975, 30) × SE; df verified against saved t/P; comparisons share controls and nested gene sets.	MDD_individual_models.tsv
Individual MDD model	Native ASD-derived NTM score; secondary context	GSE53987	MDD	NTM2_ASD_down	200	covariates	age_cov;rin_cov;pmi_cov;sex_cov	Student-t 95% CI: beta ± t(0.975, 30) × SE; df verified against saved t/P; comparisons share controls and nested gene sets.	MDD_individual_models.tsv
Individual MDD model	Native ASD-derived NTM score; secondary context	GSE53987	MDD	NTM2_ASD_down	200	within_disease_fdr	0.87656137295623	Student-t 95% CI: beta ± t(0.975, 30) × SE; df verified against saved t/P; comparisons share controls and nested gene sets.	MDD_individual_models.tsv
Individual MDD model	Native ASD-derived NTM score; secondary context	GSE53987	MDD	NTM2_ASD_down	200	direction_positive	False	Student-t 95% CI: beta ± t(0.975, 30) × SE; df verified against saved t/P; comparisons share controls and nested gene sets.	MDD_individual_models.tsv
Individual MDD model	Native ASD-derived NTM score; secondary context	GSE53987	MDD	NTM2_ASD_down	200	ci_low	-0.3147369936924218	Student-t 95% CI: beta ± t(0.975, 30) × SE; df verified against saved t/P; comparisons share controls and nested gene sets.	MDD_individual_models.tsv
Individual MDD model	Native ASD-derived NTM score; secondary context	GSE53987	MDD	NTM2_ASD_down	200	ci_high	0.2698906281570538	Student-t 95% CI: beta ± t(0.975, 30) × SE; df verified against saved t/P; comparisons share controls and nested gene sets.	MDD_individual_models.tsv
Individual MDD model	Native ASD-derived NTM score; secondary context	GSE53987	MDD	NTM2_ASD_down	200	df_resid	30	Student-t 95% CI: beta ± t(0.975, 30) × SE; df verified against saved t/P; comparisons share controls and nested gene sets.	MDD_individual_models.tsv
Individual MDD model	Native ASD-derived NTM score; secondary context	GSE53987	MDD	NTM2_ASD_down	200	ci_method	Student-t 95% CI	Student-t 95% CI: beta ± t(0.975, 30) × SE; df verified against saved t/P; comparisons share controls and nested gene sets.	MDD_individual_models.tsv
FigureS7C	Native ASD-derived NTM score; secondary context	GSE53987	MDD	NTM2_ASD_down	500	df_resid	30	Student-t 95% CI: beta ± t(0.975, 30) × SE; df verified against saved t/P; comparisons share controls and nested gene sets.	MDD_individual_models.tsv
FigureS7C	Native ASD-derived NTM score; secondary context	GSE53987	MDD	NTM2_ASD_down	500	ci_method	Student-t 95% CI	Student-t 95% CI: beta ± t(0.975, 30) × SE; df verified against saved t/P; comparisons share controls and nested gene sets.	MDD_individual_models.tsv
Individual MDD model	Native ASD-derived NTM score; secondary context	GSE53987	MDD	NTM3_ASD_signed	200	n_common_genes	174	Student-t 95% CI: beta ± t(0.975, 30) × SE; df verified against saved t/P; comparisons share controls and nested gene sets.	MDD_individual_models.tsv
Individual MDD model	Native ASD-derived NTM score; secondary context	GSE53987	MDD	NTM3_ASD_signed	200	overlap_rate	0.87	Student-t 95% CI: beta ± t(0.975, 30) × SE; df verified against saved t/P; comparisons share controls and nested gene sets.	MDD_individual_models.tsv
Individual MDD model	Native ASD-derived NTM score; secondary context	GSE53987	MDD	NTM3_ASD_signed	200	beta_target_vs_Control	-0.0319692159746297	Student-t 95% CI: beta ± t(0.975, 30) × SE; df verified against saved t/P; comparisons share controls and nested gene sets.	MDD_individual_models.tsv
Individual MDD model	Native ASD-derived NTM score; secondary context	GSE53987	MDD	NTM3_ASD_signed	200	se	0.0910145749776924	Student-t 95% CI: beta ± t(0.975, 30) × SE; df verified against saved t/P; comparisons share controls and nested gene sets.	MDD_individual_models.tsv
Individual MDD model	Native ASD-derived NTM score; secondary context	GSE53987	MDD	NTM3_ASD_signed	200	t	-0.351253807233241	Student-t 95% CI: beta ± t(0.975, 30) × SE; df verified against saved t/P; comparisons share controls and nested gene sets.	MDD_individual_models.tsv
Individual MDD model	Native ASD-derived NTM score; secondary context	GSE53987	MDD	NTM3_ASD_signed	200	p_value	0.727852915783925	Student-t 95% CI: beta ± t(0.975, 30) × SE; df verified against saved t/P; comparisons share controls and nested gene sets.	MDD_individual_models.tsv
Individual MDD model	Native ASD-derived NTM score; secondary context	GSE53987	MDD	NTM3_ASD_signed	200	auc_target_vs_Control	0.421052631578947	Student-t 95% CI: beta ± t(0.975, 30) × SE; df verified against saved t/P; comparisons share controls and nested gene sets.	MDD_individual_models.tsv
Individual MDD model	Native ASD-derived NTM score; secondary context	GSE53987	MDD	NTM3_ASD_signed	200	n	36	Student-t 95% CI: beta ± t(0.975, 30) × SE; df verified against saved t/P; comparisons share controls and nested gene sets.	MDD_individual_models.tsv
Individual MDD model	Native ASD-derived NTM score; secondary context	GSE53987	MDD	NTM3_ASD_signed	200	n_target	17	Student-t 95% CI: beta ± t(0.975, 30) × SE; df verified against saved t/P; comparisons share controls and nested gene sets.	MDD_individual_models.tsv
Individual MDD model	Native ASD-derived NTM score; secondary context	GSE53987	MDD	NTM3_ASD_signed	200	n_Control	19	Student-t 95% CI: beta ± t(0.975, 30) × SE; df verified against saved t/P; comparisons share controls and nested gene sets.	MDD_individual_models.tsv
Individual MDD model	Native ASD-derived NTM score; secondary context	GSE53987	MDD	NTM3_ASD_signed	200	covariates	age_cov;rin_cov;pmi_cov;sex_cov	Student-t 95% CI: beta ± t(0.975, 30) × SE; df verified against saved t/P; comparisons share controls and nested gene sets.	MDD_individual_models.tsv
Individual MDD model	Native ASD-derived NTM score; secondary context	GSE53987	MDD	NTM3_ASD_signed	200	within_disease_fdr	0.845248547361978	Student-t 95% CI: beta ± t(0.975, 30) × SE; df verified against saved t/P; comparisons share controls and nested gene sets.	MDD_individual_models.tsv
Individual MDD model	Native ASD-derived NTM score; secondary context	GSE53987	MDD	NTM3_ASD_signed	200	direction_positive	False	Student-t 95% CI: beta ± t(0.975, 30) × SE; df verified against saved t/P; comparisons share controls and nested gene sets.	MDD_individual_models.tsv
Individual MDD model	Native ASD-derived NTM score; secondary context	GSE53987	MDD	NTM3_ASD_signed	200	ci_low	-0.21784577557353474	Student-t 95% CI: beta ± t(0.975, 30) × SE; df verified against saved t/P; comparisons share controls and nested gene sets.	MDD_individual_models.tsv
Individual MDD model	Native ASD-derived NTM score; secondary context	GSE53987	MDD	NTM3_ASD_signed	200	ci_high	0.15390734362427533	Student-t 95% CI: beta ± t(0.975, 30) × SE; df verified against saved t/P; comparisons share controls and nested gene sets.	MDD_individual_models.tsv
Individual MDD model	Native ASD-derived NTM score; secondary context	GSE53987	MDD	NTM3_ASD_signed	200	df_resid	30	Student-t 95% CI: beta ± t(0.975, 30) × SE; df verified against saved t/P; comparisons share controls and nested gene sets.	MDD_individual_models.tsv
Individual MDD model	Native ASD-derived NTM score; secondary context	GSE53987	MDD	NTM3_ASD_signed	200	ci_method	Student-t 95% CI	Student-t 95% CI: beta ± t(0.975, 30) × SE; df verified against saved t/P; comparisons share controls and nested gene sets.	MDD_individual_models.tsv
FigureS7C	Native ASD-derived NTM score; secondary context	GSE53987	MDD	NTM3_ASD_signed	500	df_resid	30	Student-t 95% CI: beta ± t(0.975, 30) × SE; df verified against saved t/P; comparisons share controls and nested gene sets.	MDD_individual_models.tsv
FigureS7C	Native ASD-derived NTM score; secondary context	GSE53987	MDD	NTM3_ASD_signed	500	ci_method	Student-t 95% CI	Student-t 95% CI: beta ± t(0.975, 30) × SE; df verified against saved t/P; comparisons share controls and nested gene sets.	MDD_individual_models.tsv
