figure	panel_or_data_block	source_data_file	row_count	key_variables	figure_location	legend_location	source_archive_access	source_archive_file	panel_selection	supporting_table
Figure1	a	Fig1_method_components.tsv	15	panel; display_order; component_type; component; definition	Fig1.tiff; Manuscript_EAPCN.docx — Fig. 1a	Manuscript_EAPCN.docx — Fig. 1 caption	https://doi.org/10.5281/zenodo.23083241	Repository-relative source paths in source_data_file; see documentation/source_index.tsv	panel = A; conceptual method components, not empirical measurements.	Table S2
Figure1	b	Fig1_method_components.tsv	15	panel; display_order; component_type; component; definition	Fig1.tiff; Manuscript_EAPCN.docx — Fig. 1b	Manuscript_EAPCN.docx — Fig. 1 caption	https://doi.org/10.5281/zenodo.23083241	Repository-relative source paths in source_data_file; see documentation/source_index.tsv	panel = B; conceptual method components, not empirical measurements.	Table S2
Figure1	c	Fig1_method_components.tsv	15	panel; display_order; component_type; component; definition	Fig1.tiff; Manuscript_EAPCN.docx — Fig. 1c	Manuscript_EAPCN.docx — Fig. 1 caption	https://doi.org/10.5281/zenodo.23083241	Repository-relative source paths in source_data_file; see documentation/source_index.tsv	panel = C; conceptual method components, not empirical measurements.	Table S2
Figure2	a	Fig2A_stage_profiles.tsv	36	program; top_n; state_id; stage_order; magnitude_cosine; cosine_z; stage_affinity_z_softmax	Fig2.tiff; Manuscript_EAPCN.docx — Fig. 2a	Manuscript_EAPCN.docx — Fig. 2 caption	https://doi.org/10.5281/zenodo.23083241	Repository-relative source paths in source_data_file; see documentation/source_index.tsv	Panel data block as named in the source file.	Table S4
Figure2	b	Fig2B_contrast_null_interval.tsv	6	program; top_n; observed_localization_contrast; null quantiles; empirical_P_two_sided; BH_FDR_two_sided; null stage frequencies	Fig2.tiff; Manuscript_EAPCN.docx — Fig. 2b	Manuscript_EAPCN.docx — Fig. 2 caption	https://doi.org/10.5281/zenodo.23083241	Repository-relative source paths in source_data_file; see documentation/source_index.tsv	Panel data block as named in the source file.	Table S6
Figure2	c	unified_matching_null_replicates.tsv.gz;Fig2C_empirical_null_replicates.tsv	6000; 6000	program; top_n; replicate; localization_contrast; null_top_stage; six stage cosines; convergence residuals; combo_seed	Fig2.tiff; Manuscript_EAPCN.docx — Fig. 2c	Manuscript_EAPCN.docx — Fig. 2 caption	https://doi.org/10.5281/zenodo.23083241	Repository-relative source paths in source_data_file; see documentation/source_index.tsv	Panel data block as named in the source file.	Table S6 (summary); individual random replicates are in the archived source file
Figure2	d	Fig2D_observed_stage_frequency.tsv	6	program; top_n; observed_localization_contrast; null quantiles; empirical_P_two_sided; BH_FDR_two_sided; null stage frequencies	Fig2.tiff; Manuscript_EAPCN.docx — Fig. 2d	Manuscript_EAPCN.docx — Fig. 2 caption	https://doi.org/10.5281/zenodo.23083241	Repository-relative source paths in source_data_file; see documentation/source_index.tsv	Panel data block as named in the source file.	Table S6
Figure3	a	Fig3A_NTM3_channel_profiles.tsv	24	program; top_n; channel; state_id; channel_cosine; stage_order	Fig3.tiff; Manuscript_EAPCN.docx — Fig. 3a	Manuscript_EAPCN.docx — Fig. 3 caption	https://doi.org/10.5281/zenodo.23083241	Repository-relative source paths in source_data_file; see documentation/source_index.tsv	Panel data block as named in the source file.	Table S5
Figure3	b	Fig3B_all_channel_heatmap.tsv	72	program; top_n; channel; state_id; channel_cosine; stage_order	Fig3.tiff; Manuscript_EAPCN.docx — Fig. 3b	Manuscript_EAPCN.docx — Fig. 3 caption	https://doi.org/10.5281/zenodo.23083241	Repository-relative source paths in source_data_file; see documentation/source_index.tsv	Panel data block as named in the source file.	Table S5
Figure3	c	Fig3C_readout_contrasts.tsv	24	program; top_n; readout; localization_contrast	Fig3.tiff; Manuscript_EAPCN.docx — Fig. 3c	Manuscript_EAPCN.docx — Fig. 3 caption	https://doi.org/10.5281/zenodo.23083241	Repository-relative source paths in source_data_file; see documentation/source_index.tsv	Panel data block as named in the source file.	Tables S4–S5
Figure3	d	Fig3D_channel_composition.tsv	12	program; top_n; channel; channel_present; n_restart_genes; channel_mass_before_normalization; channel_mass_share_of_total_abs_weight	Fig3.tiff; Manuscript_EAPCN.docx — Fig. 3d	Manuscript_EAPCN.docx — Fig. 3 caption	https://doi.org/10.5281/zenodo.23083241	Repository-relative source paths in source_data_file; see documentation/source_index.tsv	Panel data block as named in the source file.	Table S5
Figure4	a	Fig4A_forest.tsv	24	cohort; method; program; top_n; standardized_beta; standardized_SE; ci_low; ci_high; df_resid; ci_method	Fig4.tiff; Manuscript_EAPCN.docx — Fig. 4a	Manuscript_EAPCN.docx — Fig. 4 caption	https://doi.org/10.5281/zenodo.23083241	Repository-relative source paths in source_data_file; see documentation/source_index.tsv	Panel data block as named in the source file.	Table S8
Figure4	b	Fig4B_paired_beta.tsv	12	cohort; program; top_n; NATIVE_SIGNED_MODULE_standardized_beta; NATIVE_SIGNED_MODULE_standardized_SE; NATIVE_SIGNED_MODULE_t; NATIVE_SIGNED_MODULE_p	Fig4.tiff; Manuscript_EAPCN.docx — Fig. 4b	Manuscript_EAPCN.docx — Fig. 4 caption	https://doi.org/10.5281/zenodo.23083241	Repository-relative source paths in source_data_file; see documentation/source_index.tsv	Panel data block as named in the source file.	Table S8
Figure4	c	Fig4C_effect_FDR_matrix.tsv	24	cohort; program; top_n; method; standardized_beta; fdr	Fig4.tiff; Manuscript_EAPCN.docx — Fig. 4c	Manuscript_EAPCN.docx — Fig. 4 caption	https://doi.org/10.5281/zenodo.23083241	Repository-relative source paths in source_data_file; see documentation/source_index.tsv	Panel data block as named in the source file.	Table S8
Figure4	d	Fig4D_cohort_summary.tsv	2	cohort; direction_concordant_n; native_fdr_significant_n; signed_ppr_fdr_significant_n; comparison_denominator; median_signed_minus_native_beta	Fig4.tiff; Manuscript_EAPCN.docx — Fig. 4d	Manuscript_EAPCN.docx — Fig. 4 caption	https://doi.org/10.5281/zenodo.23083241	Repository-relative source paths in source_data_file; see documentation/source_index.tsv	Panel data block as named in the source file.	Table S8
Figure5	a	Fig5A_condition_matrix.tsv	78	benchmark; design; condition; perturbation_dimension; raw_value; within_design_scaled_value	Fig5.tiff; Manuscript_EAPCN.docx — Fig. 5a	Manuscript_EAPCN.docx — Fig. 5 caption	https://doi.org/10.5281/zenodo.23083241	Repository-relative source paths in source_data_file; see documentation/source_index.tsv	Panel data block as named in the source file.	Table S7b (condition definitions); parameter matrix in archived source file
Figure5	b	Fig5B_developmental_metrics.tsv	24	benchmark; method; n; alignment_hit_top1_mean; best_true_state_rank_mean; true_stage_mass_defined_n; true_stage_mass_mean	Fig5.tiff; Manuscript_EAPCN.docx — Fig. 5b	Manuscript_EAPCN.docx — Fig. 5 caption	https://doi.org/10.5281/zenodo.23083241	Repository-relative source paths in source_data_file; see documentation/source_index.tsv	Panel data block as named in the source file.	Table S7
Figure5	c	Fig5C_gene_metrics.tsv	24	benchmark; method; n; gene_auroc_mean; gene_auprc_mean; precision_at_50_mean	Fig5.tiff; Manuscript_EAPCN.docx — Fig. 5c	Manuscript_EAPCN.docx — Fig. 5 caption	https://doi.org/10.5281/zenodo.23083241	Repository-relative source paths in source_data_file; see documentation/source_index.tsv	Panel data block as named in the source file.	Table S7
Figure5	d	Fig5D_tradeoff.tsv	12	benchmark; method; n; alignment_hit_top1_mean; gene_auprc_mean	Fig5.tiff; Manuscript_EAPCN.docx — Fig. 5d	Manuscript_EAPCN.docx — Fig. 5 caption	https://doi.org/10.5281/zenodo.23083241	Repository-relative source paths in source_data_file; see documentation/source_index.tsv	Panel data block as named in the source file.	Table S7
Supplementary_Figure_S1	a	Supplementary_FigureS1A_threshold_stage_profiles.tsv	72	program; top_n; state_id; stage_order; magnitude_cosine; cosine_z; stage_affinity_z_softmax	ESM_1.pdf — PDF page 2, Fig. S1a	ESM_1.pdf — Fig. S1 legend, PDF page 2	https://doi.org/10.5281/zenodo.23083241	Repository-relative source paths in source_data_file; see documentation/source_index.tsv	Panel data block as named in the source file.	Table S4
Supplementary_Figure_S1	b	Supplementary_FigureS1B_top_stage_calls.tsv	12	program; top_n; top_stage; top_stage_magnitude_cosine; second_stage; second_stage_magnitude_cosine; top_stage_margin	ESM_1.pdf — PDF page 2, Fig. S1b	ESM_1.pdf — Fig. S1 legend, PDF page 2	https://doi.org/10.5281/zenodo.23083241	Repository-relative source paths in source_data_file; see documentation/source_index.tsv	Panel data block as named in the source file.	Table S4
Supplementary_Figure_S1	c	Supplementary_FigureS1C_threshold_contrasts.tsv	12	program; top_n; prenatal_localization; postnatal_localization; localization_contrast; prenatal_or_postnatal	ESM_1.pdf — PDF page 2, Fig. S1c	ESM_1.pdf — Fig. S1 legend, PDF page 2	https://doi.org/10.5281/zenodo.23083241	Repository-relative source paths in source_data_file; see documentation/source_index.tsv	Panel data block as named in the source file.	Table S4
Supplementary_Figure_S1	d	Supplementary_FigureS1D_gene_counts.tsv	24	program; top_n; n_module_genes; n_mapped_to_gene_network; channel; n_restart_genes; channel_mass_share_of_total_abs_weight	ESM_1.pdf — PDF page 2, Fig. S1d	ESM_1.pdf — Fig. S1 legend, PDF page 2	https://doi.org/10.5281/zenodo.23083241	Repository-relative source paths in source_data_file; see documentation/source_index.tsv	Panel data block as named in the source file.	Tables S3–S5
Supplementary_Figure_S2	a	Supplementary_FigureS2A_alignment_hit_top1_mean.tsv	144	benchmark; condition; method; n_replicates; alignment_hit_top1_mean	ESM_1.pdf — PDF page 3, Fig. S2a	ESM_1.pdf — Fig. S2 legend, PDF page 3	https://doi.org/10.5281/zenodo.23083241	Repository-relative source paths in source_data_file; see documentation/source_index.tsv	Panel data block as named in the source file.	Table S7b; design-level and paired comparisons in Tables S7 and S7c
Supplementary_Figure_S2	b	Supplementary_FigureS2B_true_stage_mass_mean.tsv	144	benchmark; condition; method; n_replicates; true_stage_mass_mean	ESM_1.pdf — PDF page 3, Fig. S2b	ESM_1.pdf — Fig. S2 legend, PDF page 3	https://doi.org/10.5281/zenodo.23083241	Repository-relative source paths in source_data_file; see documentation/source_index.tsv	Panel data block as named in the source file.	Table S7b; design-level and paired comparisons in Tables S7 and S7c
Supplementary_Figure_S2	c	Supplementary_FigureS2C_gene_auprc_mean.tsv	144	benchmark; condition; method; n_replicates; gene_auprc_mean	ESM_1.pdf — PDF page 3, Fig. S2c	ESM_1.pdf — Fig. S2 legend, PDF page 3	https://doi.org/10.5281/zenodo.23083241	Repository-relative source paths in source_data_file; see documentation/source_index.tsv	Panel data block as named in the source file.	Table S7b; design-level and paired comparisons in Tables S7 and S7c
Supplementary_Figure_S2	d	Supplementary_FigureS2D_precision_at_50_mean.tsv	144	benchmark; condition; method; n_replicates; precision_at_50_mean	ESM_1.pdf — PDF page 3, Fig. S2d	ESM_1.pdf — Fig. S2 legend, PDF page 3	https://doi.org/10.5281/zenodo.23083241	Repository-relative source paths in source_data_file; see documentation/source_index.tsv	Panel data block as named in the source file.	Table S7b; design-level and paired comparisons in Tables S7 and S7c
Supplementary_Figure_S3	a	unified_matching_null_replicates.tsv.gz;Supplementary_FigureS3_empirical_null_distributions.tsv;Fig2B_contrast_null_interval.tsv	6000; 6000; 6	program; top_n; replicate; localization_contrast; null_top_stage; six stage cosines; convergence residuals; combo_seed	ESM_1.pdf — PDF page 4, Fig. S3a	ESM_1.pdf — Fig. S3 legend, PDF page 4	https://doi.org/10.5281/zenodo.23083241	Repository-relative source paths in source_data_file; see documentation/source_index.tsv	program = NTM1_ASD_up; top_n = 200; 1,000 random replicates in this panel.	Table S6 (summary); individual random replicates are in the archived source file
Supplementary_Figure_S3	b	unified_matching_null_replicates.tsv.gz;Supplementary_FigureS3_empirical_null_distributions.tsv;Fig2B_contrast_null_interval.tsv	6000; 6000; 6	program; top_n; replicate; localization_contrast; null_top_stage; six stage cosines; convergence residuals; combo_seed	ESM_1.pdf — PDF page 4, Fig. S3b	ESM_1.pdf — Fig. S3 legend, PDF page 4	https://doi.org/10.5281/zenodo.23083241	Repository-relative source paths in source_data_file; see documentation/source_index.tsv	program = NTM1_ASD_up; top_n = 500; 1,000 random replicates in this panel.	Table S6 (summary); individual random replicates are in the archived source file
Supplementary_Figure_S3	c	unified_matching_null_replicates.tsv.gz;Supplementary_FigureS3_empirical_null_distributions.tsv;Fig2B_contrast_null_interval.tsv	6000; 6000; 6	program; top_n; replicate; localization_contrast; null_top_stage; six stage cosines; convergence residuals; combo_seed	ESM_1.pdf — PDF page 4, Fig. S3c	ESM_1.pdf — Fig. S3 legend, PDF page 4	https://doi.org/10.5281/zenodo.23083241	Repository-relative source paths in source_data_file; see documentation/source_index.tsv	program = NTM2_ASD_down; top_n = 200; 1,000 random replicates in this panel.	Table S6 (summary); individual random replicates are in the archived source file
Supplementary_Figure_S3	d	unified_matching_null_replicates.tsv.gz;Supplementary_FigureS3_empirical_null_distributions.tsv;Fig2B_contrast_null_interval.tsv	6000; 6000; 6	program; top_n; replicate; localization_contrast; null_top_stage; six stage cosines; convergence residuals; combo_seed	ESM_1.pdf — PDF page 4, Fig. S3d	ESM_1.pdf — Fig. S3 legend, PDF page 4	https://doi.org/10.5281/zenodo.23083241	Repository-relative source paths in source_data_file; see documentation/source_index.tsv	program = NTM2_ASD_down; top_n = 500; 1,000 random replicates in this panel.	Table S6 (summary); individual random replicates are in the archived source file
Supplementary_Figure_S3	e	unified_matching_null_replicates.tsv.gz;Supplementary_FigureS3_empirical_null_distributions.tsv;Fig2B_contrast_null_interval.tsv	6000; 6000; 6	program; top_n; replicate; localization_contrast; null_top_stage; six stage cosines; convergence residuals; combo_seed	ESM_1.pdf — PDF page 4, Fig. S3e	ESM_1.pdf — Fig. S3 legend, PDF page 4	https://doi.org/10.5281/zenodo.23083241	Repository-relative source paths in source_data_file; see documentation/source_index.tsv	program = NTM3_ASD_signed; top_n = 200; 1,000 random replicates in this panel.	Table S6 (summary); individual random replicates are in the archived source file
Supplementary_Figure_S3	f	unified_matching_null_replicates.tsv.gz;Supplementary_FigureS3_empirical_null_distributions.tsv;Fig2B_contrast_null_interval.tsv	6000; 6000; 6	program; top_n; replicate; localization_contrast; null_top_stage; six stage cosines; convergence residuals; combo_seed	ESM_1.pdf — PDF page 4, Fig. S3f	ESM_1.pdf — Fig. S3 legend, PDF page 4	https://doi.org/10.5281/zenodo.23083241	Repository-relative source paths in source_data_file; see documentation/source_index.tsv	program = NTM3_ASD_signed; top_n = 500; 1,000 random replicates in this panel.	Table S6 (summary); individual random replicates are in the archived source file
Supplementary_Figure_S4	a	Supplementary_FigureS4A_q_pos_profiles.tsv	36	program; top_n; channel; state_id; channel_cosine; stage_order	ESM_1.pdf — PDF page 5, Fig. S4a	ESM_1.pdf — Fig. S4 legend, PDF page 5	https://doi.org/10.5281/zenodo.23083241	Repository-relative source paths in source_data_file; see documentation/source_index.tsv	Panel data block as named in the source file.	Table S5
Supplementary_Figure_S4	b	Supplementary_FigureS4B_q_neg_profiles.tsv	36	program; top_n; channel; state_id; channel_cosine; stage_order	ESM_1.pdf — PDF page 5, Fig. S4b	ESM_1.pdf — Fig. S4 legend, PDF page 5	https://doi.org/10.5281/zenodo.23083241	Repository-relative source paths in source_data_file; see documentation/source_index.tsv	Panel data block as named in the source file.	Table S5
Supplementary_Figure_S4	c	Supplementary_FigureS4C_channel_contrasts.tsv	12	program; top_n; channel; localization_contrast; readout	ESM_1.pdf — PDF page 5, Fig. S4c	ESM_1.pdf — Fig. S4 legend, PDF page 5	https://doi.org/10.5281/zenodo.23083241	Repository-relative source paths in source_data_file; see documentation/source_index.tsv	Panel data block as named in the source file.	Table S5
Supplementary_Figure_S4	d	Supplementary_FigureS4D_channel_composition.tsv	12	program; top_n; channel; channel_present; n_restart_genes; channel_mass_before_normalization; channel_mass_share_of_total_abs_weight	ESM_1.pdf — PDF page 5, Fig. S4d	ESM_1.pdf — Fig. S4 legend, PDF page 5	https://doi.org/10.5281/zenodo.23083241	Repository-relative source paths in source_data_file; see documentation/source_index.tsv	Panel data block as named in the source file.	Table S5
Supplementary_Figure_S5	a	Supplementary_FigureS5A_NATIVE_SIGNED_MODULE.tsv	12	cohort; method; program; top_n; n_common_genes; score_mean; score_SD_before_standardization; standardized_beta; ci_low; ci_high; df_resid; ci_method	ESM_1.pdf — PDF page 6, Fig. S5a	ESM_1.pdf — Fig. S5 legend, PDF page 6	https://doi.org/10.5281/zenodo.23083241	Repository-relative source paths in source_data_file; see documentation/source_index.tsv	Panel data block as named in the source file.	Table S8
Supplementary_Figure_S5	b	Supplementary_FigureS5B_SIGNED_GENE_PPR.tsv	12	cohort; method; program; top_n; n_common_genes; score_mean; score_SD_before_standardization; standardized_beta; ci_low; ci_high; df_resid; ci_method	ESM_1.pdf — PDF page 6, Fig. S5b	ESM_1.pdf — Fig. S5 legend, PDF page 6	https://doi.org/10.5281/zenodo.23083241	Repository-relative source paths in source_data_file; see documentation/source_index.tsv	Panel data block as named in the source file.	Table S8
Supplementary_Figure_S5	c	Supplementary_FigureS5C_UNSIGNED_GENE_PPR.tsv	12	cohort; method; program; top_n; n_common_genes; score_mean; score_SD_before_standardization; standardized_beta; ci_low; ci_high; df_resid; ci_method	ESM_1.pdf — PDF page 6, Fig. S5c	ESM_1.pdf — Fig. S5 legend, PDF page 6	https://doi.org/10.5281/zenodo.23083241	Repository-relative source paths in source_data_file; see documentation/source_index.tsv	Panel data block as named in the source file.	Table S8
Supplementary_Figure_S5	d	Supplementary_FigureS5D_mapping_and_score_sd.tsv	36	cohort; method; program; top_n; n_common_genes; score_SD_before_standardization	ESM_1.pdf — PDF page 6, Fig. S5d	ESM_1.pdf — Fig. S5 legend, PDF page 6	https://doi.org/10.5281/zenodo.23083241	Repository-relative source paths in source_data_file; see documentation/source_index.tsv	Panel data block as named in the source file.	Table S8
Supplementary_Figure_S6	a	Supplementary_FigureS6A_marker_PC_adjustment.tsv	3	module; adjustment; log2_ratio; log2_min; log2_max; ratio; n_cohorts	ESM_1.pdf — PDF page 7, Fig. S6a	ESM_1.pdf — Fig. S6 legend, PDF page 7	https://doi.org/10.5281/zenodo.23083241	Repository-relative source paths in source_data_file; see documentation/source_index.tsv	Panel data block as named in the source file.	Table S9
Supplementary_Figure_S6	b	Supplementary_FigureS6B_all_marker_adjustment.tsv	3	module; adjustment; log2_ratio; log2_min; log2_max; ratio; n_cohorts	ESM_1.pdf — PDF page 7, Fig. S6b	ESM_1.pdf — Fig. S6 legend, PDF page 7	https://doi.org/10.5281/zenodo.23083241	Repository-relative source paths in source_data_file; see documentation/source_index.tsv	Panel data block as named in the source file.	Table S9
Supplementary_Figure_S6	c	Supplementary_FigureS6C_NNLS_adjustment.tsv	6	dataset; program; module; top_n; adjustment; beta_ratio; seg_ymin	ESM_1.pdf — PDF page 7, Fig. S6c	ESM_1.pdf — Fig. S6 legend, PDF page 7	https://doi.org/10.5281/zenodo.23083241	Repository-relative source paths in source_data_file; see documentation/source_index.tsv	Panel data block as named in the source file.	Table S9
Supplementary_Figure_S6	d	Supplementary_FigureS6D_celltype_localization.tsv	78	dataset; celltype; module; value; n_donors; source_profile_index; display_mean_across_source_profiles	ESM_1.pdf — PDF page 7, Fig. S6d	ESM_1.pdf — Fig. S6 legend, PDF page 7	https://doi.org/10.5281/zenodo.23083241	Repository-relative source paths in source_data_file; see documentation/source_index.tsv	Source profiles 1 and 2 correspond to Top 200 and Top 500; Table S9 uses explicit threshold labels.	Table S9
Supplementary_Figure_S7	a	Supplementary_FigureS7A_cross_disorder_heatmap.tsv	9	disease; module; beta; n_datasets	ESM_1.pdf — PDF page 8, Fig. S7a	ESM_1.pdf — Fig. S7 legend, PDF page 8	https://doi.org/10.5281/zenodo.23083241	Repository-relative source paths in source_data_file; see documentation/source_index.tsv	Panel data block as named in the source file.	Table S10
Supplementary_Figure_S7	b	Supplementary_FigureS7B_disease_summary.tsv	3	disease; n_tests; n_positive; positive_rate	ESM_1.pdf — PDF page 8, Fig. S7b	ESM_1.pdf — Fig. S7 legend, PDF page 8	https://doi.org/10.5281/zenodo.23083241	Repository-relative source paths in source_data_file; see documentation/source_index.tsv	Panel data block as named in the source file.	Table S10
Supplementary_Figure_S7	c	Supplementary_FigureS7C_MDD_forest.tsv	3	dataset; target_dx; program; top_n; beta_target_vs_Control; ci_low; ci_high; within_disease_fdr	ESM_1.pdf — PDF page 8, Fig. S7c	ESM_1.pdf — Fig. S7 legend, PDF page 8	https://doi.org/10.5281/zenodo.23083241	Repository-relative source paths in source_data_file; see documentation/source_index.tsv	Panel data block as named in the source file.	Table S10
Online Resource 3	Supplementary Methods	documentation/Supplementary_Methods.txt	NA	BrainSpan; Gandal processed input; unified calibration; external Student-t CI	ESM_3.pdf	ESM_3.pdf	https://doi.org/10.5281/zenodo.23083241	Repository-relative source paths in source_data_file; see documentation/source_index.tsv	Methods supported by retained processed inputs	Tables S1–S2, S6, S8
