program	top_n	state_id	stage_order	magnitude_cosine	cosine_z	stage_affinity_z_softmax	stage_rank	top_stage	localization_contrast	top_stage_magnitude_cosine	second_stage	second_stage_magnitude_cosine	top_stage_margin	prenatal_or_postnatal	affinity_prenatal	affinity_postnatal	n_module_genes	n_mapped_to_gene_network
NTM1_ASD_up	50	early_prenatal	1	0.0494142822574026	0.4386879317813162	0.1607895062837453	2	late_prenatal	0.1146415655303256	0.1315945774585259	early_prenatal	0.0494142822574026	0.0821802952011232	prenatal	0.8385665712670102	0.1614334287324679	50	14
NTM1_ASD_up	50	mid_prenatal	2	0.0473139649017677	0.4086043410234164	0.1560244154702716	3	late_prenatal	0.1146415655303256	0.1315945774585259	early_prenatal	0.0494142822574026	0.0821802952011232	prenatal	0.8385665712670102	0.1614334287324679	50	14
NTM1_ASD_up	50	late_prenatal	3	0.1315945774585259	1.615785460667243	0.5217526495129932	1	late_prenatal	0.1146415655303256	0.1315945774585259	early_prenatal	0.0494142822574026	0.0821802952011232	prenatal	0.8385665712670102	0.1614334287324679	50	14
NTM1_ASD_up	50	early_postnatal	4	0.0126923750243275	-0.0872929758589374	0.0950226408122877	4	late_prenatal	0.1146415655303256	0.1315945774585259	early_prenatal	0.0494142822574026	0.0821802952011232	prenatal	0.8385665712670102	0.1614334287324679	50	14
NTM1_ASD_up	50	childhood_adolescence	5	-0.0420674555967166	-0.8716374607320241	0.0433701190432373	5	late_prenatal	0.1146415655303256	0.1315945774585259	early_prenatal	0.0494142822574026	0.0821802952011232	prenatal	0.8385665712670102	0.1614334287324679	50	14
NTM1_ASD_up	50	adulthood	6	-0.0862267914008914	-1.504147296881014	0.0230406688769426	6	late_prenatal	0.1146415655303256	0.1315945774585259	early_prenatal	0.0494142822574026	0.0821802952011232	prenatal	0.8385665712670102	0.1614334287324679	50	14
NTM1_ASD_up	100	early_prenatal	1	0.0808002678643749	0.6426129390922805	0.203071931184329	2	late_prenatal	0.1638147154406255	0.1574181250638206	early_prenatal	0.0808002678643749	0.0766178571994455	prenatal	0.847774279331682	0.1522257206678552	100	29
NTM1_ASD_up	100	mid_prenatal	2	0.0705758756769683	0.5326975143008378	0.1819341543438907	3	late_prenatal	0.1638147154406255	0.1574181250638206	early_prenatal	0.0808002678643749	0.0766178571994455	prenatal	0.847774279331682	0.1522257206678552	100	29
NTM1_ASD_up	100	late_prenatal	3	0.1574181250638206	1.466278949386755	0.462768193803462	1	late_prenatal	0.1638147154406255	0.1574181250638206	early_prenatal	0.0808002678643749	0.0766178571994455	prenatal	0.847774279331682	0.1522257206678552	100	29
NTM1_ASD_up	100	early_postnatal	4	0.0010247428507937	-0.2149989911922811	0.0861377989079391	4	late_prenatal	0.1638147154406255	0.1574181250638206	early_prenatal	0.0808002678643749	0.0766178571994455	prenatal	0.847774279331682	0.1522257206678552	100	29
NTM1_ASD_up	100	childhood_adolescence	5	-0.0652888144472854	-0.9278905436923708	0.042226871099141	5	late_prenatal	0.1638147154406255	0.1574181250638206	early_prenatal	0.0808002678643749	0.0766178571994455	prenatal	0.847774279331682	0.1522257206678552	100	29
NTM1_ASD_up	100	adulthood	6	-0.1183858061202213	-1.498699867895221	0.0238610506607749	6	late_prenatal	0.1638147154406255	0.1574181250638206	early_prenatal	0.0808002678643749	0.0766178571994455	prenatal	0.847774279331682	0.1522257206678552	100	29
NTM1_ASD_up	200	early_prenatal	1	0.0839800278819913	0.5229812395516099	0.1723806937103934	2	late_prenatal	0.1678873978374648	0.2019171816196563	early_prenatal	0.0839800278819913	0.1179371537376649	prenatal	0.8411968522467907	0.1588031477526709	200	59
NTM1_ASD_up	200	mid_prenatal	2	0.0553217842797534	0.2463736329599557	0.1307252457441913	3	late_prenatal	0.1678873978374648	0.2019171816196563	early_prenatal	0.0839800278819913	0.1179371537376649	prenatal	0.8411968522467907	0.1588031477526709	200	59
NTM1_ASD_up	200	late_prenatal	3	0.2019171816196563	1.661303401802334	0.538090912792206	1	late_prenatal	0.1678873978374648	0.2019171816196563	early_prenatal	0.0839800278819913	0.1179371537376649	prenatal	0.8411968522467907	0.1588031477526709	200	59
NTM1_ASD_up	200	early_postnatal	4	0.0183116872511478	-0.1108455497958246	0.0914578835434023	4	late_prenatal	0.1678873978374648	0.2019171816196563	early_prenatal	0.0839800278819913	0.1179371537376649	prenatal	0.8411968522467907	0.1588031477526709	200	59
NTM1_ASD_up	200	childhood_adolescence	5	-0.0573850942104403	-0.8414662339310643	0.044047028516096	5	late_prenatal	0.1678873978374648	0.2019171816196563	early_prenatal	0.0839800278819913	0.1179371537376649	prenatal	0.8411968522467907	0.1588031477526709	200	59
NTM1_ASD_up	200	adulthood	6	-0.1233697927717005	-1.478346490587011	0.0232982356931724	6	late_prenatal	0.1678873978374648	0.2019171816196563	early_prenatal	0.0839800278819913	0.1179371537376649	prenatal	0.8411968522467907	0.1588031477526709	200	59
NTM1_ASD_up	500	early_prenatal	1	0.1154408649102812	0.4895716647713517	0.1649952810247185	2	late_prenatal	0.2372817303670126	0.2935865201248814	early_prenatal	0.1154408649102812	0.1781456552146002	prenatal	0.8425779482150547	0.1574220517843942	500	142
NTM1_ASD_up	500	mid_prenatal	2	0.0762446409878669	0.2242481534877205	0.1265444161508421	3	late_prenatal	0.2372817303670126	0.2935865201248814	early_prenatal	0.1154408649102812	0.1781456552146002	prenatal	0.8425779482150547	0.1574220517843942	500	142
NTM1_ASD_up	500	late_prenatal	3	0.2935865201248814	1.695459018997634	0.551038251039494	1	late_prenatal	0.2372817303670126	0.2935865201248814	early_prenatal	0.1154408649102812	0.1781456552146002	prenatal	0.8425779482150547	0.1574220517843942	500	142
NTM1_ASD_up	500	early_postnatal	4	0.0260010362240479	-0.115856282640381	0.0900611537981344	4	late_prenatal	0.2372817303670126	0.2935865201248814	early_prenatal	0.1154408649102812	0.1781456552146002	prenatal	0.8425779482150547	0.1574220517843942	500	142
NTM1_ASD_up	500	childhood_adolescence	5	-0.0804986777565577	-0.8367644527735305	0.0437976759773369	5	late_prenatal	0.2372817303670126	0.2935865201248814	early_prenatal	0.1154408649102812	0.1781456552146002	prenatal	0.8425779482150547	0.1574220517843942	500	142
NTM1_ASD_up	500	adulthood	6	-0.1720755235454982	-1.456658101842795	0.0235632220089226	6	late_prenatal	0.2372817303670126	0.2935865201248814	early_prenatal	0.1154408649102812	0.1781456552146002	prenatal	0.8425779482150547	0.1574220517843942	500	142
NTM2_ASD_down	50	early_prenatal	1	-0.0908083817543254	-1.000028791368734	0.037791980776246	5	adulthood	-0.1610412164441986	0.1263382592529183	early_postnatal	0.064546763967103	0.0617914952858152	postnatal	0.1208334613783617	0.8791665386211562	50	23
NTM2_ASD_down	50	mid_prenatal	2	-0.0714718201554425	-0.7733158163214318	0.047408896757271	4	adulthood	-0.1610412164441986	0.1263382592529183	early_postnatal	0.064546763967103	0.0617914952858152	postnatal	0.1208334613783617	0.8791665386211562	50	23
NTM2_ASD_down	50	late_prenatal	3	-0.0958265963497108	-1.058865226922579	0.0356325838448445	6	adulthood	-0.1610412164441986	0.1263382592529183	early_postnatal	0.064546763967103	0.0617914952858152	postnatal	0.1208334613783617	0.8791665386211562	50	23
NTM2_ASD_down	50	early_postnatal	4	0.064546763967103	0.8214443332764999	0.2335906106445079	2	adulthood	-0.1610412164441986	0.1263382592529183	early_postnatal	0.064546763967103	0.0617914952858152	postnatal	0.1208334613783617	0.8791665386211562	50	23
NTM2_ASD_down	50	childhood_adolescence	5	0.0341318278530955	0.4648421205708738	0.1635253204168531	3	adulthood	-0.1610412164441986	0.1263382592529183	early_postnatal	0.064546763967103	0.0617914952858152	postnatal	0.1208334613783617	0.8791665386211562	50	23
NTM2_ASD_down	50	adulthood	6	0.1263382592529183	1.545923380765371	0.482050607559795	1	adulthood	-0.1610412164441986	0.1263382592529183	early_postnatal	0.064546763967103	0.0617914952858152	postnatal	0.1208334613783617	0.8791665386211562	50	23
NTM2_ASD_down	100	early_prenatal	1	-0.1026818805548752	-0.9902359853245336	0.0379062479633692	5	adulthood	-0.1827149591075809	0.1474538038317029	early_postnatal	0.0735655489590596	0.0738882548726431	postnatal	0.1207686534093001	0.8792313465902067	100	38
NTM2_ASD_down	100	mid_prenatal	2	-0.0817125437682842	-0.7751568285013078	0.0470022329069208	4	adulthood	-0.1827149591075809	0.1474538038317029	early_postnatal	0.0735655489590596	0.0738882548726431	postnatal	0.1207686534093001	0.8792313465902067	100	38
NTM2_ASD_down	100	late_prenatal	3	-0.1080917988600508	-1.045724658113831	0.0358601725390099	6	adulthood	-0.1827149591075809	0.1474538038317029	early_postnatal	0.0735655489590596	0.0738882548726431	postnatal	0.1207686534093001	0.8792313465902067	100	38
NTM2_ASD_down	100	early_postnatal	4	0.0735655489590596	0.8175059055090481	0.2311016930377461	2	adulthood	-0.1827149591075809	0.1474538038317029	early_postnatal	0.0735655489590596	0.0738882548726431	postnatal	0.1207686534093001	0.8792313465902067	100	38
NTM2_ASD_down	100	childhood_adolescence	5	0.0346393013487696	0.418245566495036	0.1550267223372945	3	adulthood	-0.1827149591075809	0.1474538038317029	early_postnatal	0.0735655489590596	0.0738882548726431	postnatal	0.1207686534093001	0.8792313465902067	100	38
NTM2_ASD_down	100	adulthood	6	0.1474538038317029	1.575365999935588	0.4931029312151658	1	adulthood	-0.1827149591075809	0.1474538038317029	early_postnatal	0.0735655489590596	0.0738882548726431	postnatal	0.1207686534093001	0.8792313465902067	100	38
NTM2_ASD_down	200	early_prenatal	1	-0.1281579778493841	-1.083729894741075	0.0347353684844382	6	adulthood	-0.2195923751165315	0.1759061791941461	early_postnatal	0.1104640521529695	0.0654421270411766	postnatal	0.1211412521470027	0.8788587478525302	200	72
NTM2_ASD_down	200	mid_prenatal	2	-0.1013665954856364	-0.8547664369057417	0.0436726431139065	4	adulthood	-0.2195923751165315	0.1759061791941461	early_postnatal	0.1104640521529695	0.0654421270411766	postnatal	0.1211412521470027	0.8788587478525302	200	72
NTM2_ASD_down	200	late_prenatal	3	-0.1039109901773819	-0.876511242709723	0.0427332405486575	5	adulthood	-0.2195923751165315	0.1759061791941461	early_postnatal	0.1104640521529695	0.0654421270411766	postnatal	0.1211412521470027	0.8788587478525302	200	72
NTM2_ASD_down	200	early_postnatal	4	0.1104640521529695	0.9555723093495564	0.2669498029057961	2	adulthood	-0.2195923751165315	0.1759061791941461	early_postnatal	0.1104640521529695	0.0654421270411766	postnatal	0.1211412521470027	0.8788587478525302	200	72
NTM2_ASD_down	200	childhood_adolescence	5	0.0389713304900762	0.3445840243947341	0.1449041300487443	3	adulthood	-0.2195923751165315	0.1759061791941461	early_postnatal	0.1104640521529695	0.0654421270411766	postnatal	0.1211412521470027	0.8788587478525302	200	72
NTM2_ASD_down	200	adulthood	6	0.1759061791941461	1.514851240612249	0.4670048148979896	1	adulthood	-0.2195923751165315	0.1759061791941461	early_postnatal	0.1104640521529695	0.0654421270411766	postnatal	0.1211412521470027	0.8788587478525302	200	72
NTM2_ASD_down	500	early_prenatal	1	-0.1711346549051306	-1.105974653682599	0.0339344700629816	6	adulthood	-0.2872429760508035	0.2310596365612598	early_postnatal	0.1566324823009163	0.0744271542603433	postnatal	0.1222914379163872	0.8777085620831536	500	192
NTM2_ASD_down	500	mid_prenatal	2	-0.1273297492830489	-0.8222496176916657	0.0450672739371738	4	adulthood	-0.2872429760508035	0.2310596365612598	early_postnatal	0.1566324823009163	0.0744271542603433	postnatal	0.1222914379163872	0.8777085620831536	500	192
NTM2_ASD_down	500	late_prenatal	3	-0.133542759159127	-0.8624913765921493	0.0432896939162316	5	adulthood	-0.2872429760508035	0.2310596365612598	early_postnatal	0.1566324823009163	0.0744271542603433	postnatal	0.1222914379163872	0.8777085620831536	500	192
NTM2_ASD_down	500	early_postnatal	4	0.1566324823009163	1.016978049440047	0.2835487360670475	2	adulthood	-0.2872429760508035	0.2310596365612598	early_postnatal	0.1566324823009163	0.0744271542603433	postnatal	0.1222914379163872	0.8777085620831536	500	192
NTM2_ASD_down	500	childhood_adolescence	5	0.0420296459429276	0.2746937456943396	0.1349763682578114	3	adulthood	-0.2872429760508035	0.2310596365612598	early_postnatal	0.1566324823009163	0.0744271542603433	postnatal	0.1222914379163872	0.8777085620831536	500	192
NTM2_ASD_down	500	adulthood	6	0.2310596365612598	1.499043852832027	0.4591834577582946	1	adulthood	-0.2872429760508035	0.2310596365612598	early_postnatal	0.1566324823009163	0.0744271542603433	postnatal	0.1222914379163872	0.8777085620831536	500	192
NTM3_ASD_signed	50	early_prenatal	1	-0.00938195220339	-0.8131668544490359	0.0440797423744416	5	early_postnatal	0.0018449254490267	0.0478794450095111	late_prenatal	0.0437696918369977	0.0041097531725133	prenatal	0.4770630778714278	0.5229369221281424	50	15
NTM3_ASD_signed	50	mid_prenatal	2	0.001588193283135	-0.376985007604127	0.0681821068261023	3	early_postnatal	0.0018449254490267	0.0478794450095111	late_prenatal	0.0437696918369977	0.0041097531725133	prenatal	0.4770630778714278	0.5229369221281424	50	15
NTM3_ASD_signed	50	late_prenatal	3	0.0437696918369977	1.300185451484967	0.3648012286708838	2	early_postnatal	0.0018449254490267	0.0478794450095111	late_prenatal	0.0437696918369977	0.0041097531725133	prenatal	0.4770630778714278	0.5229369221281424	50	15
NTM3_ASD_signed	50	early_postnatal	4	0.0478794450095111	1.463592557713909	0.4295592712523129	1	early_postnatal	0.0018449254490267	0.0478794450095111	late_prenatal	0.0437696918369977	0.0041097531725133	prenatal	0.4770630778714278	0.5229369221281424	50	15
NTM3_ASD_signed	50	childhood_adolescence	5	-0.0150293924847715	-1.037713642356729	0.0352143451557858	6	early_postnatal	0.0018449254490267	0.0478794450095111	late_prenatal	0.0437696918369977	0.0041097531725133	prenatal	0.4770630778714278	0.5229369221281424	50	15
NTM3_ASD_signed	50	adulthood	6	-0.0024088959550768	-0.5359125047889844	0.0581633057200436	4	early_postnatal	0.0018449254490267	0.0478794450095111	late_prenatal	0.0437696918369977	0.0041097531725133	prenatal	0.4770630778714278	0.5229369221281424	50	15
NTM3_ASD_signed	100	early_prenatal	1	-0.0069505702946397	-0.7160271276086098	0.0503870591437238	5	late_prenatal	0.0058392343518024	0.0420756237617469	early_postnatal	0.0305912385034998	0.0114843852582471	prenatal	0.5900733040821604	0.4099266959173688	100	34
NTM3_ASD_signed	100	mid_prenatal	2	-9.232598731123871e-05	-0.4034142159284129	0.0688787209548702	4	late_prenatal	0.0058392343518024	0.0420756237617469	early_postnatal	0.0305912385034998	0.0114843852582471	prenatal	0.5900733040821604	0.4099266959173688	100	34
NTM3_ASD_signed	100	late_prenatal	3	0.0420756237617469	1.518687849836614	0.4708075239835661	1	late_prenatal	0.0058392343518024	0.0420756237617469	early_postnatal	0.0305912385034998	0.0114843852582471	prenatal	0.5900733040821604	0.4099266959173688	100	34
NTM3_ASD_signed	100	early_postnatal	4	0.0305912385034998	0.9952058982529632	0.2789318271826773	2	late_prenatal	0.0058392343518024	0.0420756237617469	early_postnatal	0.0305912385034998	0.0114843852582471	prenatal	0.5900733040821604	0.4099266959173688	100	34
NTM3_ASD_signed	100	childhood_adolescence	5	-0.0224753062232412	-1.423676590681874	0.024830802431496	6	late_prenatal	0.0058392343518024	0.0420756237617469	early_postnatal	0.0305912385034998	0.0114843852582471	prenatal	0.5900733040821604	0.4099266959173688	100	34
NTM3_ASD_signed	100	adulthood	6	0.0093990921441302	0.0292241861293202	0.1061640663031953	3	late_prenatal	0.0058392343518024	0.0420756237617469	early_postnatal	0.0305912385034998	0.0114843852582471	prenatal	0.5900733040821604	0.4099266959173688	100	34
NTM3_ASD_signed	200	early_prenatal	1	-0.0120115880182099	-0.8311857762708407	0.0441939747486694	5	early_postnatal	-0.0027303569543465	0.0554742320378789	late_prenatal	0.0496085589683486	0.0058656730695303	postnatal	0.4524193441452037	0.5475806558543711	200	62
NTM3_ASD_signed	200	mid_prenatal	2	-0.0033948340094027	-0.5421279820954836	0.0590064202666025	4	early_postnatal	-0.0027303569543465	0.0554742320378789	late_prenatal	0.0496085589683486	0.0058656730695303	postnatal	0.4524193441452037	0.5475806558543711	200	62
NTM3_ASD_signed	200	late_prenatal	3	0.0496085589683486	1.235924848738388	0.3492189491299316	2	early_postnatal	-0.0027303569543465	0.0554742320378789	late_prenatal	0.0496085589683486	0.0058656730695303	postnatal	0.4524193441452037	0.5475806558543711	200	62
NTM3_ASD_signed	200	early_postnatal	4	0.0554742320378789	1.432694829301754	0.4251614875504248	1	early_postnatal	-0.0027303569543465	0.0554742320378789	late_prenatal	0.0496085589683486	0.0058656730695303	postnatal	0.4524193441452037	0.5475806558543711	200	62
NTM3_ASD_signed	200	childhood_adolescence	5	-0.0228160878769975	-1.193633734418076	0.0307577041317056	6	early_postnatal	-0.0027303569543465	0.0554742320378789	late_prenatal	0.0496085589683486	0.0058656730695303	postnatal	0.4524193441452037	0.5475806558543711	200	62
NTM3_ASD_signed	200	adulthood	6	0.009735063642894	-0.101672185255741	0.0916614641722404	3	early_postnatal	-0.0027303569543465	0.0554742320378789	late_prenatal	0.0496085589683486	0.0058656730695303	postnatal	0.4524193441452037	0.5475806558543711	200	62
NTM3_ASD_signed	500	early_prenatal	1	-0.0211686305687547	-0.8491686388804387	0.0430449310413845	4	late_prenatal	-0.0129556907176048	0.1009832932722291	early_postnatal	0.0959150818852762	0.0050682113869528	postnatal	0.4923394655373898	0.5076605344622012	500	161
NTM3_ASD_signed	500	mid_prenatal	2	-0.0245144859727165	-0.9108267032811584	0.0404710301691883	6	late_prenatal	-0.0129556907176048	0.1009832932722291	early_postnatal	0.0959150818852762	0.0050682113869528	postnatal	0.4923394655373898	0.5076605344622012	500	161
NTM3_ASD_signed	500	late_prenatal	3	0.1009832932722291	1.401870416166887	0.4088235043268168	1	late_prenatal	-0.0129556907176048	0.1009832932722291	early_postnatal	0.0959150818852762	0.0050682113869528	postnatal	0.4923394655373898	0.5076605344622012	500	161
NTM3_ASD_signed	500	early_postnatal	4	0.0959150818852762	1.308472445733624	0.3723690985275041	2	late_prenatal	-0.0129556907176048	0.1009832932722291	early_postnatal	0.0959150818852762	0.0050682113869528	postnatal	0.4923394655373898	0.5076605344622012	500	161
NTM3_ASD_signed	500	childhood_adolescence	5	-0.0225928138991608	-0.8754137621456705	0.0419299074877846	5	late_prenatal	-0.0129556907176048	0.1009832932722291	early_postnatal	0.0959150818852762	0.0050682113869528	postnatal	0.4923394655373898	0.5076605344622012	500	161
NTM3_ASD_signed	500	adulthood	6	0.0208449808974569	-0.0749337575932436	0.0933615284469122	3	late_prenatal	-0.0129556907176048	0.1009832932722291	early_postnatal	0.0959150818852762	0.0050682113869528	postnatal	0.4923394655373898	0.5076605344622012	500	161
