benchmark	method	n	alignment_hit_top1_mean	best_true_state_rank_mean	true_stage_mass_defined_n	true_stage_mass_mean	gene_auroc_mean	gene_auprc_mean	precision_at_50_mean	n_direction_defined	direction_recovery_accuracy_mean
high_signal	DIRECT_NATIVE_PROJECTION	1200	0.9983333333333332	1.001666666666667	1200	0.7652458616121187	0.9041945021466956	0.819773512449727	0.9883166666666668	1200	0.9738125573029336
high_signal	DUAL_HEAD_GENE_FIRST_PPR	1200	0.9308333333333332	1.079166666666667	1200	0.6185880582214675	0.8831604903769725	0.7576068530379636	0.9488333333333332	1200	0.8416912454019908
high_signal	GENE_ONLY_PPR	1200	0.9908333333333332	1.009166666666667	0	NA	0.9069446670626516	0.8113697331171004	0.9932333333333334	0	NA
high_signal	GRAPH_OT	1200	0.9975	1.0025	0	NA	0.905965996327074	0.8203328570923631	0.9882666666666668	0	NA
high_signal	HETERO_PPR_STANDARD	1200	0.9941666666666666	1.005833333333333	0	NA	0.9085990309337934	0.8196712002800525	0.9879333333333332	0	NA
high_signal	SIMULATION_PROXY	1200	0.9991666666666666	1.000833333333333	0	NA	0.9163009170780738	0.832359659700208	0.9916	0	NA
high_signal	MEAN_SIGNATURE	1200	0.9983333333333332	1.001666666666667	0	NA	0.9041945021466956	0.819773512449727	0.9883166666666668	0	NA
high_signal	RANDOM	1200	0.2491666666666666	3.058333333333333	0	NA	0.5001282308406235	0.181725804781936	0.1780333333333333	0	NA
high_signal	SIGNED_GENE_FIRST_PPR_SINGLE_HEAD	1200	0.9983333333333332	1.001666666666667	1200	0.7736861057941847	0.8831604903769725	0.7576068530379636	0.9488333333333332	1200	0.8416912454019908
high_signal	SIMPLE_OT	1200	0.9966666666666668	1.003333333333333	0	NA	0.9041945021466956	0.819773512449727	0.9883166666666668	0	NA
high_signal	STAGE_CORRELATION	1200	0.9975	1.0025	0	NA	0.796340419647254	0.677308202655107	0.89875	0	NA
high_signal	UNSIGNED_GENE_PPR	1200	0.9308333333333332	1.079166666666667	1200	0.6185880582214675	0.901742496999688	0.7816435151370055	0.9833333333333332	0	NA
challenging_signal	DIRECT_NATIVE_PROJECTION	1200	0.3391666666666666	1.660833333333333	1200	0.3576362777125373	0.7779369341935897	0.3342272078896824	0.5210833333333333	1200	0.914098750630822
challenging_signal	DUAL_HEAD_GENE_FIRST_PPR	1200	0.5758333333333333	1.766666666666667	1200	0.4402899211514615	0.791945532841219	0.2313828676501627	0.1881833333333333	1200	0.8537939205265865
challenging_signal	GENE_ONLY_PPR	1200	0.5266666666666666	1.675	0	NA	0.8273035102865313	0.3465811014848772	0.47735	0	NA
challenging_signal	GRAPH_OT	1200	0.425	1.651666666666667	0	NA	0.8086587304608804	0.3830372959912045	0.5724666666666666	0	NA
challenging_signal	HETERO_PPR_STANDARD	1200	0.4141666666666667	1.795	0	NA	0.8239491818212475	0.2921023432723278	0.3386333333333333	0	NA
challenging_signal	SIMULATION_PROXY	1200	0.6625	1.4075	0	NA	0.7923258957863302	0.3211188426265842	0.5188666666666667	0	NA
challenging_signal	MEAN_SIGNATURE	1200	0.3391666666666666	1.660833333333333	0	NA	0.7779369341935897	0.3342272078896824	0.5210833333333333	0	NA
challenging_signal	RANDOM	1200	0.1825	3.6225	0	NA	0.4997014147964167	0.0610434118568774	0.0587166666666666	0	NA
challenging_signal	SIGNED_GENE_FIRST_PPR_SINGLE_HEAD	1200	0.4108333333333333	1.613333333333333	1200	0.3723560859971343	0.791945532841219	0.2313828676501627	0.1881833333333333	1200	0.8537939205265865
challenging_signal	SIMPLE_OT	1200	0.3758333333333333	1.714166666666667	0	NA	0.7779369341935897	0.3342272078896824	0.5210833333333333	0	NA
challenging_signal	STAGE_CORRELATION	1200	0.3583333333333333	1.655833333333333	0	NA	0.6801127170368259	0.2063673004839437	0.3193333333333333	0	NA
challenging_signal	UNSIGNED_GENE_PPR	1200	0.5758333333333333	1.766666666666667	1200	0.4402899211514615	0.808738494896424	0.2202510895245152	0.1850833333333333	0	NA
