figure_panel	score_context	dataset_or_reference	disease	module	top_n	cell_type	source_profile	adjustment	statistic	value	interpretation_note	source_data_file
FigureS6A	Native ASD-derived NTM score; secondary context	NA	ASD	NTM1_ASD_up	NA	NA	NA	Marker PCs	log2_ratio	-0.6753255837128909	Cohort-summary log2(adjusted/original beta); minimum and maximum describe cohort ranges, not confidence intervals.	Supplementary_FigureS6A_marker_PC_adjustment.tsv
FigureS6A	Native ASD-derived NTM score; secondary context	NA	ASD	NTM1_ASD_up	NA	NA	NA	Marker PCs	log2_min	-0.822867324996942	Cohort-summary log2(adjusted/original beta); minimum and maximum describe cohort ranges, not confidence intervals.	Supplementary_FigureS6A_marker_PC_adjustment.tsv
FigureS6A	Native ASD-derived NTM score; secondary context	NA	ASD	NTM1_ASD_up	NA	NA	NA	Marker PCs	log2_max	-0.300274806373645	Cohort-summary log2(adjusted/original beta); minimum and maximum describe cohort ranges, not confidence intervals.	Supplementary_FigureS6A_marker_PC_adjustment.tsv
FigureS6A	Native ASD-derived NTM score; secondary context	NA	ASD	NTM1_ASD_up	NA	NA	NA	Marker PCs	ratio	0.626190886213283	NA	Supplementary_FigureS6A_marker_PC_adjustment.tsv
FigureS6A	Native ASD-derived NTM score; secondary context	NA	ASD	NTM1_ASD_up	NA	NA	NA	Marker PCs	n_cohorts	3	NA	Supplementary_FigureS6A_marker_PC_adjustment.tsv
FigureS6A	Native ASD-derived NTM score; secondary context	NA	ASD	NTM2_ASD_down	NA	NA	NA	Marker PCs	log2_ratio	-0.745880214314352	Cohort-summary log2(adjusted/original beta); minimum and maximum describe cohort ranges, not confidence intervals.	Supplementary_FigureS6A_marker_PC_adjustment.tsv
FigureS6A	Native ASD-derived NTM score; secondary context	NA	ASD	NTM2_ASD_down	NA	NA	NA	Marker PCs	log2_min	-1.57431430289697	Cohort-summary log2(adjusted/original beta); minimum and maximum describe cohort ranges, not confidence intervals.	Supplementary_FigureS6A_marker_PC_adjustment.tsv
FigureS6A	Native ASD-derived NTM score; secondary context	NA	ASD	NTM2_ASD_down	NA	NA	NA	Marker PCs	log2_max	1.57926896714706	Cohort-summary log2(adjusted/original beta); minimum and maximum describe cohort ranges, not confidence intervals.	Supplementary_FigureS6A_marker_PC_adjustment.tsv
FigureS6A	Native ASD-derived NTM score; secondary context	NA	ASD	NTM2_ASD_down	NA	NA	NA	Marker PCs	ratio	0.596303944695947	NA	Supplementary_FigureS6A_marker_PC_adjustment.tsv
FigureS6A	Native ASD-derived NTM score; secondary context	NA	ASD	NTM2_ASD_down	NA	NA	NA	Marker PCs	n_cohorts	3	NA	Supplementary_FigureS6A_marker_PC_adjustment.tsv
FigureS6A	Native ASD-derived NTM score; secondary context	NA	ASD	NTM3_ASD_signed	NA	NA	NA	Marker PCs	log2_ratio	-0.6508916368173329	Cohort-summary log2(adjusted/original beta); minimum and maximum describe cohort ranges, not confidence intervals.	Supplementary_FigureS6A_marker_PC_adjustment.tsv
FigureS6A	Native ASD-derived NTM score; secondary context	NA	ASD	NTM3_ASD_signed	NA	NA	NA	Marker PCs	log2_min	-0.953763459345336	Cohort-summary log2(adjusted/original beta); minimum and maximum describe cohort ranges, not confidence intervals.	Supplementary_FigureS6A_marker_PC_adjustment.tsv
FigureS6A	Native ASD-derived NTM score; secondary context	NA	ASD	NTM3_ASD_signed	NA	NA	NA	Marker PCs	log2_max	0.189219059648746	Cohort-summary log2(adjusted/original beta); minimum and maximum describe cohort ranges, not confidence intervals.	Supplementary_FigureS6A_marker_PC_adjustment.tsv
FigureS6A	Native ASD-derived NTM score; secondary context	NA	ASD	NTM3_ASD_signed	NA	NA	NA	Marker PCs	ratio	0.636886573458265	NA	Supplementary_FigureS6A_marker_PC_adjustment.tsv
FigureS6A	Native ASD-derived NTM score; secondary context	NA	ASD	NTM3_ASD_signed	NA	NA	NA	Marker PCs	n_cohorts	3	NA	Supplementary_FigureS6A_marker_PC_adjustment.tsv
FigureS6B	Native ASD-derived NTM score; secondary context	NA	ASD	NTM1_ASD_up	NA	NA	NA	All marker scores	log2_ratio	-1.1844266307574	Cohort-summary log2(adjusted/original beta); minimum and maximum describe cohort ranges, not confidence intervals.	Supplementary_FigureS6B_all_marker_adjustment.tsv
FigureS6B	Native ASD-derived NTM score; secondary context	NA	ASD	NTM1_ASD_up	NA	NA	NA	All marker scores	log2_min	-1.30858482686499	Cohort-summary log2(adjusted/original beta); minimum and maximum describe cohort ranges, not confidence intervals.	Supplementary_FigureS6B_all_marker_adjustment.tsv
FigureS6B	Native ASD-derived NTM score; secondary context	NA	ASD	NTM1_ASD_up	NA	NA	NA	All marker scores	log2_max	-1.06857740639204	Cohort-summary log2(adjusted/original beta); minimum and maximum describe cohort ranges, not confidence intervals.	Supplementary_FigureS6B_all_marker_adjustment.tsv
FigureS6B	Native ASD-derived NTM score; secondary context	NA	ASD	NTM1_ASD_up	NA	NA	NA	All marker scores	ratio	0.439999371847746	NA	Supplementary_FigureS6B_all_marker_adjustment.tsv
FigureS6B	Native ASD-derived NTM score; secondary context	NA	ASD	NTM1_ASD_up	NA	NA	NA	All marker scores	n_cohorts	3	NA	Supplementary_FigureS6B_all_marker_adjustment.tsv
FigureS6B	Native ASD-derived NTM score; secondary context	NA	ASD	NTM2_ASD_down	NA	NA	NA	All marker scores	log2_ratio	-1.46910630770937	Cohort-summary log2(adjusted/original beta); minimum and maximum describe cohort ranges, not confidence intervals.	Supplementary_FigureS6B_all_marker_adjustment.tsv
FigureS6B	Native ASD-derived NTM score; secondary context	NA	ASD	NTM2_ASD_down	NA	NA	NA	All marker scores	log2_min	-1.95859487868322	Cohort-summary log2(adjusted/original beta); minimum and maximum describe cohort ranges, not confidence intervals.	Supplementary_FigureS6B_all_marker_adjustment.tsv
FigureS6B	Native ASD-derived NTM score; secondary context	NA	ASD	NTM2_ASD_down	NA	NA	NA	All marker scores	log2_max	-0.979617736735508	Cohort-summary log2(adjusted/original beta); minimum and maximum describe cohort ranges, not confidence intervals.	Supplementary_FigureS6B_all_marker_adjustment.tsv
FigureS6B	Native ASD-derived NTM score; secondary context	NA	ASD	NTM2_ASD_down	NA	NA	NA	All marker scores	ratio	0.382196501208636	NA	Supplementary_FigureS6B_all_marker_adjustment.tsv
FigureS6B	Native ASD-derived NTM score; secondary context	NA	ASD	NTM2_ASD_down	NA	NA	NA	All marker scores	n_cohorts	2	NA	Supplementary_FigureS6B_all_marker_adjustment.tsv
FigureS6B	Native ASD-derived NTM score; secondary context	NA	ASD	NTM3_ASD_signed	NA	NA	NA	All marker scores	log2_ratio	-1.30234487808592	Cohort-summary log2(adjusted/original beta); minimum and maximum describe cohort ranges, not confidence intervals.	Supplementary_FigureS6B_all_marker_adjustment.tsv
FigureS6B	Native ASD-derived NTM score; secondary context	NA	ASD	NTM3_ASD_signed	NA	NA	NA	All marker scores	log2_min	-3.14252386649861	Cohort-summary log2(adjusted/original beta); minimum and maximum describe cohort ranges, not confidence intervals.	Supplementary_FigureS6B_all_marker_adjustment.tsv
FigureS6B	Native ASD-derived NTM score; secondary context	NA	ASD	NTM3_ASD_signed	NA	NA	NA	All marker scores	log2_max	-0.993976949661726	Cohort-summary log2(adjusted/original beta); minimum and maximum describe cohort ranges, not confidence intervals.	Supplementary_FigureS6B_all_marker_adjustment.tsv
FigureS6B	Native ASD-derived NTM score; secondary context	NA	ASD	NTM3_ASD_signed	NA	NA	NA	All marker scores	ratio	0.405466638886159	NA	Supplementary_FigureS6B_all_marker_adjustment.tsv
FigureS6B	Native ASD-derived NTM score; secondary context	NA	ASD	NTM3_ASD_signed	NA	NA	NA	All marker scores	n_cohorts	3	NA	Supplementary_FigureS6B_all_marker_adjustment.tsv
FigureS6C	Native ASD-derived NTM score; secondary context	Gandal2022	ASD	NTM1_ASD_up	500	NA	NA	NNLS-PC	beta_ratio	0.560367698681554	NA	Supplementary_FigureS6C_NNLS_adjustment.tsv
FigureS6C	Native ASD-derived NTM score; secondary context	Gandal2022	ASD	NTM2_ASD_down	500	NA	NA	NNLS-PC	beta_ratio	0.4845165994714559	NA	Supplementary_FigureS6C_NNLS_adjustment.tsv
FigureS6C	Native ASD-derived NTM score; secondary context	Gandal2022	ASD	NTM3_ASD_signed	500	NA	NA	NNLS-PC	beta_ratio	0.563112475141031	NA	Supplementary_FigureS6C_NNLS_adjustment.tsv
FigureS6C	Native ASD-derived NTM score; secondary context	Gandal2022	ASD	NTM1_ASD_up	500	NA	NA	NNLS-proportion	beta_ratio	0.5553517398437	NA	Supplementary_FigureS6C_NNLS_adjustment.tsv
FigureS6C	Native ASD-derived NTM score; secondary context	Gandal2022	ASD	NTM2_ASD_down	500	NA	NA	NNLS-proportion	beta_ratio	0.499297525057395	NA	Supplementary_FigureS6C_NNLS_adjustment.tsv
FigureS6C	Native ASD-derived NTM score; secondary context	Gandal2022	ASD	NTM3_ASD_signed	500	NA	NA	NNLS-proportion	beta_ratio	0.564824530953759	NA	Supplementary_FigureS6C_NNLS_adjustment.tsv
FigureS6D	Native ASD-derived NTM score; secondary context	PsychENCODE	ASD	NTM1_ASD_up	200	Astrocytes	Top 200 native NTM genes	NA	cell_type_localization	0.3414357323938649	Native NTM cell-type localization at the stated gene-set threshold; a descriptive reference profile.	Supplementary_FigureS6D_celltype_localization.tsv
FigureS6D	Native ASD-derived NTM score; secondary context	PsychENCODE	ASD	NTM1_ASD_up	200	Astrocytes	Top 200 native NTM genes	NA	n_donors	60	Modeled donors for this cell type and threshold; 60 in PsychENCODE; 29 for Velmeshev microglia and 31 for each other displayed Velmeshev cell type.	Supplementary_FigureS6D_celltype_localization.tsv
FigureS6D	Native ASD-derived NTM score; secondary context	PsychENCODE	ASD	NTM1_ASD_up	200	Endothelial	Top 200 native NTM genes	NA	cell_type_localization	0.1455781068375839	Native NTM cell-type localization at the stated gene-set threshold; a descriptive reference profile.	Supplementary_FigureS6D_celltype_localization.tsv
FigureS6D	Native ASD-derived NTM score; secondary context	PsychENCODE	ASD	NTM1_ASD_up	200	Endothelial	Top 200 native NTM genes	NA	n_donors	60	Modeled donors for this cell type and threshold; 60 in PsychENCODE; 29 for Velmeshev microglia and 31 for each other displayed Velmeshev cell type.	Supplementary_FigureS6D_celltype_localization.tsv
FigureS6D	Native ASD-derived NTM score; secondary context	PsychENCODE	ASD	NTM1_ASD_up	200	Excitatory neurons	Top 200 native NTM genes	NA	cell_type_localization	-0.200798877705074	Native NTM cell-type localization at the stated gene-set threshold; a descriptive reference profile.	Supplementary_FigureS6D_celltype_localization.tsv
FigureS6D	Native ASD-derived NTM score; secondary context	PsychENCODE	ASD	NTM1_ASD_up	200	Excitatory neurons	Top 200 native NTM genes	NA	n_donors	60	Modeled donors for this cell type and threshold; 60 in PsychENCODE; 29 for Velmeshev microglia and 31 for each other displayed Velmeshev cell type.	Supplementary_FigureS6D_celltype_localization.tsv
FigureS6D	Native ASD-derived NTM score; secondary context	PsychENCODE	ASD	NTM1_ASD_up	200	Inhibitory neurons	Top 200 native NTM genes	NA	cell_type_localization	0.0838467289297614	Native NTM cell-type localization at the stated gene-set threshold; a descriptive reference profile.	Supplementary_FigureS6D_celltype_localization.tsv
FigureS6D	Native ASD-derived NTM score; secondary context	PsychENCODE	ASD	NTM1_ASD_up	200	Inhibitory neurons	Top 200 native NTM genes	NA	n_donors	60	Modeled donors for this cell type and threshold; 60 in PsychENCODE; 29 for Velmeshev microglia and 31 for each other displayed Velmeshev cell type.	Supplementary_FigureS6D_celltype_localization.tsv
FigureS6D	Native ASD-derived NTM score; secondary context	PsychENCODE	ASD	NTM1_ASD_up	200	Microglia	Top 200 native NTM genes	NA	cell_type_localization	-0.0033291369428819	Native NTM cell-type localization at the stated gene-set threshold; a descriptive reference profile.	Supplementary_FigureS6D_celltype_localization.tsv
FigureS6D	Native ASD-derived NTM score; secondary context	PsychENCODE	ASD	NTM1_ASD_up	200	Microglia	Top 200 native NTM genes	NA	n_donors	60	Modeled donors for this cell type and threshold; 60 in PsychENCODE; 29 for Velmeshev microglia and 31 for each other displayed Velmeshev cell type.	Supplementary_FigureS6D_celltype_localization.tsv
FigureS6D	Native ASD-derived NTM score; secondary context	PsychENCODE	ASD	NTM1_ASD_up	200	Oligodendrocytes	Top 200 native NTM genes	NA	cell_type_localization	-0.321237364925254	Native NTM cell-type localization at the stated gene-set threshold; a descriptive reference profile.	Supplementary_FigureS6D_celltype_localization.tsv
FigureS6D	Native ASD-derived NTM score; secondary context	PsychENCODE	ASD	NTM1_ASD_up	200	Oligodendrocytes	Top 200 native NTM genes	NA	n_donors	60	Modeled donors for this cell type and threshold; 60 in PsychENCODE; 29 for Velmeshev microglia and 31 for each other displayed Velmeshev cell type.	Supplementary_FigureS6D_celltype_localization.tsv
FigureS6D	Native ASD-derived NTM score; secondary context	PsychENCODE	ASD	NTM1_ASD_up	200	OPCs	Top 200 native NTM genes	NA	cell_type_localization	-0.045495188588	Native NTM cell-type localization at the stated gene-set threshold; a descriptive reference profile.	Supplementary_FigureS6D_celltype_localization.tsv
FigureS6D	Native ASD-derived NTM score; secondary context	PsychENCODE	ASD	NTM1_ASD_up	200	OPCs	Top 200 native NTM genes	NA	n_donors	60	Modeled donors for this cell type and threshold; 60 in PsychENCODE; 29 for Velmeshev microglia and 31 for each other displayed Velmeshev cell type.	Supplementary_FigureS6D_celltype_localization.tsv
FigureS6D	Native ASD-derived NTM score; secondary context	PsychENCODE	ASD	NTM1_ASD_up	500	Astrocytes	Top 500 native NTM genes	NA	cell_type_localization	0.276299323889711	Native NTM cell-type localization at the stated gene-set threshold; a descriptive reference profile.	Supplementary_FigureS6D_celltype_localization.tsv
FigureS6D	Native ASD-derived NTM score; secondary context	PsychENCODE	ASD	NTM1_ASD_up	500	Astrocytes	Top 500 native NTM genes	NA	n_donors	60	Modeled donors for this cell type and threshold; 60 in PsychENCODE; 29 for Velmeshev microglia and 31 for each other displayed Velmeshev cell type.	Supplementary_FigureS6D_celltype_localization.tsv
FigureS6D	Native ASD-derived NTM score; secondary context	PsychENCODE	ASD	NTM1_ASD_up	500	Endothelial	Top 500 native NTM genes	NA	cell_type_localization	0.144822215654362	Native NTM cell-type localization at the stated gene-set threshold; a descriptive reference profile.	Supplementary_FigureS6D_celltype_localization.tsv
FigureS6D	Native ASD-derived NTM score; secondary context	PsychENCODE	ASD	NTM1_ASD_up	500	Endothelial	Top 500 native NTM genes	NA	n_donors	60	Modeled donors for this cell type and threshold; 60 in PsychENCODE; 29 for Velmeshev microglia and 31 for each other displayed Velmeshev cell type.	Supplementary_FigureS6D_celltype_localization.tsv
FigureS6D	Native ASD-derived NTM score; secondary context	PsychENCODE	ASD	NTM1_ASD_up	500	Excitatory neurons	Top 500 native NTM genes	NA	cell_type_localization	-0.2037596694772929	Native NTM cell-type localization at the stated gene-set threshold; a descriptive reference profile.	Supplementary_FigureS6D_celltype_localization.tsv
FigureS6D	Native ASD-derived NTM score; secondary context	PsychENCODE	ASD	NTM1_ASD_up	500	Excitatory neurons	Top 500 native NTM genes	NA	n_donors	60	Modeled donors for this cell type and threshold; 60 in PsychENCODE; 29 for Velmeshev microglia and 31 for each other displayed Velmeshev cell type.	Supplementary_FigureS6D_celltype_localization.tsv
FigureS6D	Native ASD-derived NTM score; secondary context	PsychENCODE	ASD	NTM1_ASD_up	500	Inhibitory neurons	Top 500 native NTM genes	NA	cell_type_localization	0.0958212647730611	Native NTM cell-type localization at the stated gene-set threshold; a descriptive reference profile.	Supplementary_FigureS6D_celltype_localization.tsv
FigureS6D	Native ASD-derived NTM score; secondary context	PsychENCODE	ASD	NTM1_ASD_up	500	Inhibitory neurons	Top 500 native NTM genes	NA	n_donors	60	Modeled donors for this cell type and threshold; 60 in PsychENCODE; 29 for Velmeshev microglia and 31 for each other displayed Velmeshev cell type.	Supplementary_FigureS6D_celltype_localization.tsv
FigureS6D	Native ASD-derived NTM score; secondary context	PsychENCODE	ASD	NTM1_ASD_up	500	Microglia	Top 500 native NTM genes	NA	cell_type_localization	0.0802998708371911	Native NTM cell-type localization at the stated gene-set threshold; a descriptive reference profile.	Supplementary_FigureS6D_celltype_localization.tsv
FigureS6D	Native ASD-derived NTM score; secondary context	PsychENCODE	ASD	NTM1_ASD_up	500	Microglia	Top 500 native NTM genes	NA	n_donors	60	Modeled donors for this cell type and threshold; 60 in PsychENCODE; 29 for Velmeshev microglia and 31 for each other displayed Velmeshev cell type.	Supplementary_FigureS6D_celltype_localization.tsv
FigureS6D	Native ASD-derived NTM score; secondary context	PsychENCODE	ASD	NTM1_ASD_up	500	Oligodendrocytes	Top 500 native NTM genes	NA	cell_type_localization	-0.3135876702135639	Native NTM cell-type localization at the stated gene-set threshold; a descriptive reference profile.	Supplementary_FigureS6D_celltype_localization.tsv
FigureS6D	Native ASD-derived NTM score; secondary context	PsychENCODE	ASD	NTM1_ASD_up	500	Oligodendrocytes	Top 500 native NTM genes	NA	n_donors	60	Modeled donors for this cell type and threshold; 60 in PsychENCODE; 29 for Velmeshev microglia and 31 for each other displayed Velmeshev cell type.	Supplementary_FigureS6D_celltype_localization.tsv
FigureS6D	Native ASD-derived NTM score; secondary context	PsychENCODE	ASD	NTM1_ASD_up	500	OPCs	Top 500 native NTM genes	NA	cell_type_localization	-0.0798953354634682	Native NTM cell-type localization at the stated gene-set threshold; a descriptive reference profile.	Supplementary_FigureS6D_celltype_localization.tsv
FigureS6D	Native ASD-derived NTM score; secondary context	PsychENCODE	ASD	NTM1_ASD_up	500	OPCs	Top 500 native NTM genes	NA	n_donors	60	Modeled donors for this cell type and threshold; 60 in PsychENCODE; 29 for Velmeshev microglia and 31 for each other displayed Velmeshev cell type.	Supplementary_FigureS6D_celltype_localization.tsv
FigureS6D	Native ASD-derived NTM score; secondary context	PsychENCODE	ASD	NTM2_ASD_down	200	Astrocytes	Top 200 native NTM genes	NA	cell_type_localization	0.260332303047108	Native NTM cell-type localization at the stated gene-set threshold; a descriptive reference profile.	Supplementary_FigureS6D_celltype_localization.tsv
FigureS6D	Native ASD-derived NTM score; secondary context	PsychENCODE	ASD	NTM2_ASD_down	200	Astrocytes	Top 200 native NTM genes	NA	n_donors	60	Modeled donors for this cell type and threshold; 60 in PsychENCODE; 29 for Velmeshev microglia and 31 for each other displayed Velmeshev cell type.	Supplementary_FigureS6D_celltype_localization.tsv
FigureS6D	Native ASD-derived NTM score; secondary context	PsychENCODE	ASD	NTM2_ASD_down	200	Endothelial	Top 200 native NTM genes	NA	cell_type_localization	0.2331724149505879	Native NTM cell-type localization at the stated gene-set threshold; a descriptive reference profile.	Supplementary_FigureS6D_celltype_localization.tsv
FigureS6D	Native ASD-derived NTM score; secondary context	PsychENCODE	ASD	NTM2_ASD_down	200	Endothelial	Top 200 native NTM genes	NA	n_donors	60	Modeled donors for this cell type and threshold; 60 in PsychENCODE; 29 for Velmeshev microglia and 31 for each other displayed Velmeshev cell type.	Supplementary_FigureS6D_celltype_localization.tsv
FigureS6D	Native ASD-derived NTM score; secondary context	PsychENCODE	ASD	NTM2_ASD_down	200	Excitatory neurons	Top 200 native NTM genes	NA	cell_type_localization	-0.555479624576894	Native NTM cell-type localization at the stated gene-set threshold; a descriptive reference profile.	Supplementary_FigureS6D_celltype_localization.tsv
FigureS6D	Native ASD-derived NTM score; secondary context	PsychENCODE	ASD	NTM2_ASD_down	200	Excitatory neurons	Top 200 native NTM genes	NA	n_donors	60	Modeled donors for this cell type and threshold; 60 in PsychENCODE; 29 for Velmeshev microglia and 31 for each other displayed Velmeshev cell type.	Supplementary_FigureS6D_celltype_localization.tsv
FigureS6D	Native ASD-derived NTM score; secondary context	PsychENCODE	ASD	NTM2_ASD_down	200	Inhibitory neurons	Top 200 native NTM genes	NA	cell_type_localization	-0.8541249537519	Native NTM cell-type localization at the stated gene-set threshold; a descriptive reference profile.	Supplementary_FigureS6D_celltype_localization.tsv
FigureS6D	Native ASD-derived NTM score; secondary context	PsychENCODE	ASD	NTM2_ASD_down	200	Inhibitory neurons	Top 200 native NTM genes	NA	n_donors	60	Modeled donors for this cell type and threshold; 60 in PsychENCODE; 29 for Velmeshev microglia and 31 for each other displayed Velmeshev cell type.	Supplementary_FigureS6D_celltype_localization.tsv
FigureS6D	Native ASD-derived NTM score; secondary context	PsychENCODE	ASD	NTM2_ASD_down	200	Microglia	Top 200 native NTM genes	NA	cell_type_localization	0.3963003817830039	Native NTM cell-type localization at the stated gene-set threshold; a descriptive reference profile.	Supplementary_FigureS6D_celltype_localization.tsv
FigureS6D	Native ASD-derived NTM score; secondary context	PsychENCODE	ASD	NTM2_ASD_down	200	Microglia	Top 200 native NTM genes	NA	n_donors	60	Modeled donors for this cell type and threshold; 60 in PsychENCODE; 29 for Velmeshev microglia and 31 for each other displayed Velmeshev cell type.	Supplementary_FigureS6D_celltype_localization.tsv
FigureS6D	Native ASD-derived NTM score; secondary context	PsychENCODE	ASD	NTM2_ASD_down	200	Oligodendrocytes	Top 200 native NTM genes	NA	cell_type_localization	0.3357610894430099	Native NTM cell-type localization at the stated gene-set threshold; a descriptive reference profile.	Supplementary_FigureS6D_celltype_localization.tsv
FigureS6D	Native ASD-derived NTM score; secondary context	PsychENCODE	ASD	NTM2_ASD_down	200	Oligodendrocytes	Top 200 native NTM genes	NA	n_donors	60	Modeled donors for this cell type and threshold; 60 in PsychENCODE; 29 for Velmeshev microglia and 31 for each other displayed Velmeshev cell type.	Supplementary_FigureS6D_celltype_localization.tsv
FigureS6D	Native ASD-derived NTM score; secondary context	PsychENCODE	ASD	NTM2_ASD_down	200	OPCs	Top 200 native NTM genes	NA	cell_type_localization	0.1840383891050839	Native NTM cell-type localization at the stated gene-set threshold; a descriptive reference profile.	Supplementary_FigureS6D_celltype_localization.tsv
FigureS6D	Native ASD-derived NTM score; secondary context	PsychENCODE	ASD	NTM2_ASD_down	200	OPCs	Top 200 native NTM genes	NA	n_donors	60	Modeled donors for this cell type and threshold; 60 in PsychENCODE; 29 for Velmeshev microglia and 31 for each other displayed Velmeshev cell type.	Supplementary_FigureS6D_celltype_localization.tsv
FigureS6D	Native ASD-derived NTM score; secondary context	PsychENCODE	ASD	NTM2_ASD_down	500	Astrocytes	Top 500 native NTM genes	NA	cell_type_localization	0.249466443074079	Native NTM cell-type localization at the stated gene-set threshold; a descriptive reference profile.	Supplementary_FigureS6D_celltype_localization.tsv
FigureS6D	Native ASD-derived NTM score; secondary context	PsychENCODE	ASD	NTM2_ASD_down	500	Astrocytes	Top 500 native NTM genes	NA	n_donors	60	Modeled donors for this cell type and threshold; 60 in PsychENCODE; 29 for Velmeshev microglia and 31 for each other displayed Velmeshev cell type.	Supplementary_FigureS6D_celltype_localization.tsv
FigureS6D	Native ASD-derived NTM score; secondary context	PsychENCODE	ASD	NTM2_ASD_down	500	Endothelial	Top 500 native NTM genes	NA	cell_type_localization	0.25836594993449	Native NTM cell-type localization at the stated gene-set threshold; a descriptive reference profile.	Supplementary_FigureS6D_celltype_localization.tsv
FigureS6D	Native ASD-derived NTM score; secondary context	PsychENCODE	ASD	NTM2_ASD_down	500	Endothelial	Top 500 native NTM genes	NA	n_donors	60	Modeled donors for this cell type and threshold; 60 in PsychENCODE; 29 for Velmeshev microglia and 31 for each other displayed Velmeshev cell type.	Supplementary_FigureS6D_celltype_localization.tsv
FigureS6D	Native ASD-derived NTM score; secondary context	PsychENCODE	ASD	NTM2_ASD_down	500	Excitatory neurons	Top 500 native NTM genes	NA	cell_type_localization	-0.5690789882379789	Native NTM cell-type localization at the stated gene-set threshold; a descriptive reference profile.	Supplementary_FigureS6D_celltype_localization.tsv
FigureS6D	Native ASD-derived NTM score; secondary context	PsychENCODE	ASD	NTM2_ASD_down	500	Excitatory neurons	Top 500 native NTM genes	NA	n_donors	60	Modeled donors for this cell type and threshold; 60 in PsychENCODE; 29 for Velmeshev microglia and 31 for each other displayed Velmeshev cell type.	Supplementary_FigureS6D_celltype_localization.tsv
FigureS6D	Native ASD-derived NTM score; secondary context	PsychENCODE	ASD	NTM2_ASD_down	500	Inhibitory neurons	Top 500 native NTM genes	NA	cell_type_localization	-0.8365142005277209	Native NTM cell-type localization at the stated gene-set threshold; a descriptive reference profile.	Supplementary_FigureS6D_celltype_localization.tsv
FigureS6D	Native ASD-derived NTM score; secondary context	PsychENCODE	ASD	NTM2_ASD_down	500	Inhibitory neurons	Top 500 native NTM genes	NA	n_donors	60	Modeled donors for this cell type and threshold; 60 in PsychENCODE; 29 for Velmeshev microglia and 31 for each other displayed Velmeshev cell type.	Supplementary_FigureS6D_celltype_localization.tsv
FigureS6D	Native ASD-derived NTM score; secondary context	PsychENCODE	ASD	NTM2_ASD_down	500	Microglia	Top 500 native NTM genes	NA	cell_type_localization	0.385774077084581	Native NTM cell-type localization at the stated gene-set threshold; a descriptive reference profile.	Supplementary_FigureS6D_celltype_localization.tsv
FigureS6D	Native ASD-derived NTM score; secondary context	PsychENCODE	ASD	NTM2_ASD_down	500	Microglia	Top 500 native NTM genes	NA	n_donors	60	Modeled donors for this cell type and threshold; 60 in PsychENCODE; 29 for Velmeshev microglia and 31 for each other displayed Velmeshev cell type.	Supplementary_FigureS6D_celltype_localization.tsv
FigureS6D	Native ASD-derived NTM score; secondary context	PsychENCODE	ASD	NTM2_ASD_down	500	Oligodendrocytes	Top 500 native NTM genes	NA	cell_type_localization	0.3400066710623779	Native NTM cell-type localization at the stated gene-set threshold; a descriptive reference profile.	Supplementary_FigureS6D_celltype_localization.tsv
FigureS6D	Native ASD-derived NTM score; secondary context	PsychENCODE	ASD	NTM2_ASD_down	500	Oligodendrocytes	Top 500 native NTM genes	NA	n_donors	60	Modeled donors for this cell type and threshold; 60 in PsychENCODE; 29 for Velmeshev microglia and 31 for each other displayed Velmeshev cell type.	Supplementary_FigureS6D_celltype_localization.tsv
FigureS6D	Native ASD-derived NTM score; secondary context	PsychENCODE	ASD	NTM2_ASD_down	500	OPCs	Top 500 native NTM genes	NA	cell_type_localization	0.1719800476101719	Native NTM cell-type localization at the stated gene-set threshold; a descriptive reference profile.	Supplementary_FigureS6D_celltype_localization.tsv
FigureS6D	Native ASD-derived NTM score; secondary context	PsychENCODE	ASD	NTM2_ASD_down	500	OPCs	Top 500 native NTM genes	NA	n_donors	60	Modeled donors for this cell type and threshold; 60 in PsychENCODE; 29 for Velmeshev microglia and 31 for each other displayed Velmeshev cell type.	Supplementary_FigureS6D_celltype_localization.tsv
FigureS6D	Native ASD-derived NTM score; secondary context	PsychENCODE	ASD	NTM3_ASD_signed	200	Astrocytes	Top 200 native NTM genes	NA	cell_type_localization	0.328804575986167	Native NTM cell-type localization at the stated gene-set threshold; a descriptive reference profile.	Supplementary_FigureS6D_celltype_localization.tsv
FigureS6D	Native ASD-derived NTM score; secondary context	PsychENCODE	ASD	NTM3_ASD_signed	200	Astrocytes	Top 200 native NTM genes	NA	n_donors	60	Modeled donors for this cell type and threshold; 60 in PsychENCODE; 29 for Velmeshev microglia and 31 for each other displayed Velmeshev cell type.	Supplementary_FigureS6D_celltype_localization.tsv
FigureS6D	Native ASD-derived NTM score; secondary context	PsychENCODE	ASD	NTM3_ASD_signed	200	Endothelial	Top 200 native NTM genes	NA	cell_type_localization	0.182756575028895	Native NTM cell-type localization at the stated gene-set threshold; a descriptive reference profile.	Supplementary_FigureS6D_celltype_localization.tsv
FigureS6D	Native ASD-derived NTM score; secondary context	PsychENCODE	ASD	NTM3_ASD_signed	200	Endothelial	Top 200 native NTM genes	NA	n_donors	60	Modeled donors for this cell type and threshold; 60 in PsychENCODE; 29 for Velmeshev microglia and 31 for each other displayed Velmeshev cell type.	Supplementary_FigureS6D_celltype_localization.tsv
FigureS6D	Native ASD-derived NTM score; secondary context	PsychENCODE	ASD	NTM3_ASD_signed	200	Excitatory neurons	Top 200 native NTM genes	NA	cell_type_localization	-0.32902183033169	Native NTM cell-type localization at the stated gene-set threshold; a descriptive reference profile.	Supplementary_FigureS6D_celltype_localization.tsv
FigureS6D	Native ASD-derived NTM score; secondary context	PsychENCODE	ASD	NTM3_ASD_signed	200	Excitatory neurons	Top 200 native NTM genes	NA	n_donors	60	Modeled donors for this cell type and threshold; 60 in PsychENCODE; 29 for Velmeshev microglia and 31 for each other displayed Velmeshev cell type.	Supplementary_FigureS6D_celltype_localization.tsv
FigureS6D	Native ASD-derived NTM score; secondary context	PsychENCODE	ASD	NTM3_ASD_signed	200	Inhibitory neurons	Top 200 native NTM genes	NA	cell_type_localization	-0.2611116180181279	Native NTM cell-type localization at the stated gene-set threshold; a descriptive reference profile.	Supplementary_FigureS6D_celltype_localization.tsv
FigureS6D	Native ASD-derived NTM score; secondary context	PsychENCODE	ASD	NTM3_ASD_signed	200	Inhibitory neurons	Top 200 native NTM genes	NA	n_donors	60	Modeled donors for this cell type and threshold; 60 in PsychENCODE; 29 for Velmeshev microglia and 31 for each other displayed Velmeshev cell type.	Supplementary_FigureS6D_celltype_localization.tsv
FigureS6D	Native ASD-derived NTM score; secondary context	PsychENCODE	ASD	NTM3_ASD_signed	200	Microglia	Top 200 native NTM genes	NA	cell_type_localization	0.1387830758400029	Native NTM cell-type localization at the stated gene-set threshold; a descriptive reference profile.	Supplementary_FigureS6D_celltype_localization.tsv
FigureS6D	Native ASD-derived NTM score; secondary context	PsychENCODE	ASD	NTM3_ASD_signed	200	Microglia	Top 200 native NTM genes	NA	n_donors	60	Modeled donors for this cell type and threshold; 60 in PsychENCODE; 29 for Velmeshev microglia and 31 for each other displayed Velmeshev cell type.	Supplementary_FigureS6D_celltype_localization.tsv
FigureS6D	Native ASD-derived NTM score; secondary context	PsychENCODE	ASD	NTM3_ASD_signed	200	Oligodendrocytes	Top 200 native NTM genes	NA	cell_type_localization	-0.0770864981389273	Native NTM cell-type localization at the stated gene-set threshold; a descriptive reference profile.	Supplementary_FigureS6D_celltype_localization.tsv
FigureS6D	Native ASD-derived NTM score; secondary context	PsychENCODE	ASD	NTM3_ASD_signed	200	Oligodendrocytes	Top 200 native NTM genes	NA	n_donors	60	Modeled donors for this cell type and threshold; 60 in PsychENCODE; 29 for Velmeshev microglia and 31 for each other displayed Velmeshev cell type.	Supplementary_FigureS6D_celltype_localization.tsv
FigureS6D	Native ASD-derived NTM score; secondary context	PsychENCODE	ASD	NTM3_ASD_signed	200	OPCs	Top 200 native NTM genes	NA	cell_type_localization	0.0168757196336806	Native NTM cell-type localization at the stated gene-set threshold; a descriptive reference profile.	Supplementary_FigureS6D_celltype_localization.tsv
FigureS6D	Native ASD-derived NTM score; secondary context	PsychENCODE	ASD	NTM3_ASD_signed	200	OPCs	Top 200 native NTM genes	NA	n_donors	60	Modeled donors for this cell type and threshold; 60 in PsychENCODE; 29 for Velmeshev microglia and 31 for each other displayed Velmeshev cell type.	Supplementary_FigureS6D_celltype_localization.tsv
FigureS6D	Native ASD-derived NTM score; secondary context	PsychENCODE	ASD	NTM3_ASD_signed	500	Astrocytes	Top 500 native NTM genes	NA	cell_type_localization	0.283829977154869	Native NTM cell-type localization at the stated gene-set threshold; a descriptive reference profile.	Supplementary_FigureS6D_celltype_localization.tsv
FigureS6D	Native ASD-derived NTM score; secondary context	PsychENCODE	ASD	NTM3_ASD_signed	500	Astrocytes	Top 500 native NTM genes	NA	n_donors	60	Modeled donors for this cell type and threshold; 60 in PsychENCODE; 29 for Velmeshev microglia and 31 for each other displayed Velmeshev cell type.	Supplementary_FigureS6D_celltype_localization.tsv
FigureS6D	Native ASD-derived NTM score; secondary context	PsychENCODE	ASD	NTM3_ASD_signed	500	Endothelial	Top 500 native NTM genes	NA	cell_type_localization	0.187465754001708	Native NTM cell-type localization at the stated gene-set threshold; a descriptive reference profile.	Supplementary_FigureS6D_celltype_localization.tsv
FigureS6D	Native ASD-derived NTM score; secondary context	PsychENCODE	ASD	NTM3_ASD_signed	500	Endothelial	Top 500 native NTM genes	NA	n_donors	60	Modeled donors for this cell type and threshold; 60 in PsychENCODE; 29 for Velmeshev microglia and 31 for each other displayed Velmeshev cell type.	Supplementary_FigureS6D_celltype_localization.tsv
FigureS6D	Native ASD-derived NTM score; secondary context	PsychENCODE	ASD	NTM3_ASD_signed	500	Excitatory neurons	Top 500 native NTM genes	NA	cell_type_localization	-0.335525548495471	Native NTM cell-type localization at the stated gene-set threshold; a descriptive reference profile.	Supplementary_FigureS6D_celltype_localization.tsv
FigureS6D	Native ASD-derived NTM score; secondary context	PsychENCODE	ASD	NTM3_ASD_signed	500	Excitatory neurons	Top 500 native NTM genes	NA	n_donors	60	Modeled donors for this cell type and threshold; 60 in PsychENCODE; 29 for Velmeshev microglia and 31 for each other displayed Velmeshev cell type.	Supplementary_FigureS6D_celltype_localization.tsv
FigureS6D	Native ASD-derived NTM score; secondary context	PsychENCODE	ASD	NTM3_ASD_signed	500	Inhibitory neurons	Top 500 native NTM genes	NA	cell_type_localization	-0.2591911891351589	Native NTM cell-type localization at the stated gene-set threshold; a descriptive reference profile.	Supplementary_FigureS6D_celltype_localization.tsv
FigureS6D	Native ASD-derived NTM score; secondary context	PsychENCODE	ASD	NTM3_ASD_signed	500	Inhibitory neurons	Top 500 native NTM genes	NA	n_donors	60	Modeled donors for this cell type and threshold; 60 in PsychENCODE; 29 for Velmeshev microglia and 31 for each other displayed Velmeshev cell type.	Supplementary_FigureS6D_celltype_localization.tsv
FigureS6D	Native ASD-derived NTM score; secondary context	PsychENCODE	ASD	NTM3_ASD_signed	500	Microglia	Top 500 native NTM genes	NA	cell_type_localization	0.171563629950994	Native NTM cell-type localization at the stated gene-set threshold; a descriptive reference profile.	Supplementary_FigureS6D_celltype_localization.tsv
FigureS6D	Native ASD-derived NTM score; secondary context	PsychENCODE	ASD	NTM3_ASD_signed	500	Microglia	Top 500 native NTM genes	NA	n_donors	60	Modeled donors for this cell type and threshold; 60 in PsychENCODE; 29 for Velmeshev microglia and 31 for each other displayed Velmeshev cell type.	Supplementary_FigureS6D_celltype_localization.tsv
FigureS6D	Native ASD-derived NTM score; secondary context	PsychENCODE	ASD	NTM3_ASD_signed	500	Oligodendrocytes	Top 500 native NTM genes	NA	cell_type_localization	-0.0724885028482677	Native NTM cell-type localization at the stated gene-set threshold; a descriptive reference profile.	Supplementary_FigureS6D_celltype_localization.tsv
FigureS6D	Native ASD-derived NTM score; secondary context	PsychENCODE	ASD	NTM3_ASD_signed	500	Oligodendrocytes	Top 500 native NTM genes	NA	n_donors	60	Modeled donors for this cell type and threshold; 60 in PsychENCODE; 29 for Velmeshev microglia and 31 for each other displayed Velmeshev cell type.	Supplementary_FigureS6D_celltype_localization.tsv
FigureS6D	Native ASD-derived NTM score; secondary context	PsychENCODE	ASD	NTM3_ASD_signed	500	OPCs	Top 500 native NTM genes	NA	cell_type_localization	0.0243458793713266	Native NTM cell-type localization at the stated gene-set threshold; a descriptive reference profile.	Supplementary_FigureS6D_celltype_localization.tsv
FigureS6D	Native ASD-derived NTM score; secondary context	PsychENCODE	ASD	NTM3_ASD_signed	500	OPCs	Top 500 native NTM genes	NA	n_donors	60	Modeled donors for this cell type and threshold; 60 in PsychENCODE; 29 for Velmeshev microglia and 31 for each other displayed Velmeshev cell type.	Supplementary_FigureS6D_celltype_localization.tsv
FigureS6D	Native ASD-derived NTM score; secondary context	Velmeshev	ASD	NTM1_ASD_up	200	Endothelial	Top 200 native NTM genes	NA	cell_type_localization	0.1808104314262659	Native NTM cell-type localization at the stated gene-set threshold; a descriptive reference profile.	Supplementary_FigureS6D_celltype_localization.tsv
FigureS6D	Native ASD-derived NTM score; secondary context	Velmeshev	ASD	NTM1_ASD_up	200	Endothelial	Top 200 native NTM genes	NA	n_donors	31	Modeled donors for this cell type and threshold; 60 in PsychENCODE; 29 for Velmeshev microglia and 31 for each other displayed Velmeshev cell type.	Supplementary_FigureS6D_celltype_localization.tsv
FigureS6D	Native ASD-derived NTM score; secondary context	Velmeshev	ASD	NTM1_ASD_up	200	Excitatory neurons	Top 200 native NTM genes	NA	cell_type_localization	0.634481349387333	Native NTM cell-type localization at the stated gene-set threshold; a descriptive reference profile.	Supplementary_FigureS6D_celltype_localization.tsv
FigureS6D	Native ASD-derived NTM score; secondary context	Velmeshev	ASD	NTM1_ASD_up	200	Excitatory neurons	Top 200 native NTM genes	NA	n_donors	31	Modeled donors for this cell type and threshold; 60 in PsychENCODE; 29 for Velmeshev microglia and 31 for each other displayed Velmeshev cell type.	Supplementary_FigureS6D_celltype_localization.tsv
FigureS6D	Native ASD-derived NTM score; secondary context	Velmeshev	ASD	NTM1_ASD_up	200	Inhibitory neurons	Top 200 native NTM genes	NA	cell_type_localization	0.2443638445246429	Native NTM cell-type localization at the stated gene-set threshold; a descriptive reference profile.	Supplementary_FigureS6D_celltype_localization.tsv
FigureS6D	Native ASD-derived NTM score; secondary context	Velmeshev	ASD	NTM1_ASD_up	200	Inhibitory neurons	Top 200 native NTM genes	NA	n_donors	31	Modeled donors for this cell type and threshold; 60 in PsychENCODE; 29 for Velmeshev microglia and 31 for each other displayed Velmeshev cell type.	Supplementary_FigureS6D_celltype_localization.tsv
FigureS6D	Native ASD-derived NTM score; secondary context	Velmeshev	ASD	NTM1_ASD_up	200	Microglia	Top 200 native NTM genes	NA	cell_type_localization	-0.3154146775221939	Native NTM cell-type localization at the stated gene-set threshold; a descriptive reference profile.	Supplementary_FigureS6D_celltype_localization.tsv
FigureS6D	Native ASD-derived NTM score; secondary context	Velmeshev	ASD	NTM1_ASD_up	200	Microglia	Top 200 native NTM genes	NA	n_donors	29	Modeled donors for this cell type and threshold; 60 in PsychENCODE; 29 for Velmeshev microglia and 31 for each other displayed Velmeshev cell type.	Supplementary_FigureS6D_celltype_localization.tsv
FigureS6D	Native ASD-derived NTM score; secondary context	Velmeshev	ASD	NTM1_ASD_up	200	Oligodendrocytes	Top 200 native NTM genes	NA	cell_type_localization	-0.5222826659537328	Native NTM cell-type localization at the stated gene-set threshold; a descriptive reference profile.	Supplementary_FigureS6D_celltype_localization.tsv
FigureS6D	Native ASD-derived NTM score; secondary context	Velmeshev	ASD	NTM1_ASD_up	200	Oligodendrocytes	Top 200 native NTM genes	NA	n_donors	31	Modeled donors for this cell type and threshold; 60 in PsychENCODE; 29 for Velmeshev microglia and 31 for each other displayed Velmeshev cell type.	Supplementary_FigureS6D_celltype_localization.tsv
FigureS6D	Native ASD-derived NTM score; secondary context	Velmeshev	ASD	NTM1_ASD_up	200	OPCs	Top 200 native NTM genes	NA	cell_type_localization	-0.242307615896005	Native NTM cell-type localization at the stated gene-set threshold; a descriptive reference profile.	Supplementary_FigureS6D_celltype_localization.tsv
FigureS6D	Native ASD-derived NTM score; secondary context	Velmeshev	ASD	NTM1_ASD_up	200	OPCs	Top 200 native NTM genes	NA	n_donors	31	Modeled donors for this cell type and threshold; 60 in PsychENCODE; 29 for Velmeshev microglia and 31 for each other displayed Velmeshev cell type.	Supplementary_FigureS6D_celltype_localization.tsv
FigureS6D	Native ASD-derived NTM score; secondary context	Velmeshev	ASD	NTM1_ASD_up	500	Endothelial	Top 500 native NTM genes	NA	cell_type_localization	0.183965292926199	Native NTM cell-type localization at the stated gene-set threshold; a descriptive reference profile.	Supplementary_FigureS6D_celltype_localization.tsv
FigureS6D	Native ASD-derived NTM score; secondary context	Velmeshev	ASD	NTM1_ASD_up	500	Endothelial	Top 500 native NTM genes	NA	n_donors	31	Modeled donors for this cell type and threshold; 60 in PsychENCODE; 29 for Velmeshev microglia and 31 for each other displayed Velmeshev cell type.	Supplementary_FigureS6D_celltype_localization.tsv
FigureS6D	Native ASD-derived NTM score; secondary context	Velmeshev	ASD	NTM1_ASD_up	500	Excitatory neurons	Top 500 native NTM genes	NA	cell_type_localization	0.6288664179023409	Native NTM cell-type localization at the stated gene-set threshold; a descriptive reference profile.	Supplementary_FigureS6D_celltype_localization.tsv
FigureS6D	Native ASD-derived NTM score; secondary context	Velmeshev	ASD	NTM1_ASD_up	500	Excitatory neurons	Top 500 native NTM genes	NA	n_donors	31	Modeled donors for this cell type and threshold; 60 in PsychENCODE; 29 for Velmeshev microglia and 31 for each other displayed Velmeshev cell type.	Supplementary_FigureS6D_celltype_localization.tsv
FigureS6D	Native ASD-derived NTM score; secondary context	Velmeshev	ASD	NTM1_ASD_up	500	Inhibitory neurons	Top 500 native NTM genes	NA	cell_type_localization	0.227464042704375	Native NTM cell-type localization at the stated gene-set threshold; a descriptive reference profile.	Supplementary_FigureS6D_celltype_localization.tsv
FigureS6D	Native ASD-derived NTM score; secondary context	Velmeshev	ASD	NTM1_ASD_up	500	Inhibitory neurons	Top 500 native NTM genes	NA	n_donors	31	Modeled donors for this cell type and threshold; 60 in PsychENCODE; 29 for Velmeshev microglia and 31 for each other displayed Velmeshev cell type.	Supplementary_FigureS6D_celltype_localization.tsv
FigureS6D	Native ASD-derived NTM score; secondary context	Velmeshev	ASD	NTM1_ASD_up	500	Microglia	Top 500 native NTM genes	NA	cell_type_localization	-0.256027479677773	Native NTM cell-type localization at the stated gene-set threshold; a descriptive reference profile.	Supplementary_FigureS6D_celltype_localization.tsv
FigureS6D	Native ASD-derived NTM score; secondary context	Velmeshev	ASD	NTM1_ASD_up	500	Microglia	Top 500 native NTM genes	NA	n_donors	29	Modeled donors for this cell type and threshold; 60 in PsychENCODE; 29 for Velmeshev microglia and 31 for each other displayed Velmeshev cell type.	Supplementary_FigureS6D_celltype_localization.tsv
FigureS6D	Native ASD-derived NTM score; secondary context	Velmeshev	ASD	NTM1_ASD_up	500	Oligodendrocytes	Top 500 native NTM genes	NA	cell_type_localization	-0.524708243890464	Native NTM cell-type localization at the stated gene-set threshold; a descriptive reference profile.	Supplementary_FigureS6D_celltype_localization.tsv
FigureS6D	Native ASD-derived NTM score; secondary context	Velmeshev	ASD	NTM1_ASD_up	500	Oligodendrocytes	Top 500 native NTM genes	NA	n_donors	31	Modeled donors for this cell type and threshold; 60 in PsychENCODE; 29 for Velmeshev microglia and 31 for each other displayed Velmeshev cell type.	Supplementary_FigureS6D_celltype_localization.tsv
FigureS6D	Native ASD-derived NTM score; secondary context	Velmeshev	ASD	NTM1_ASD_up	500	OPCs	Top 500 native NTM genes	NA	cell_type_localization	-0.276077931879374	Native NTM cell-type localization at the stated gene-set threshold; a descriptive reference profile.	Supplementary_FigureS6D_celltype_localization.tsv
FigureS6D	Native ASD-derived NTM score; secondary context	Velmeshev	ASD	NTM1_ASD_up	500	OPCs	Top 500 native NTM genes	NA	n_donors	31	Modeled donors for this cell type and threshold; 60 in PsychENCODE; 29 for Velmeshev microglia and 31 for each other displayed Velmeshev cell type.	Supplementary_FigureS6D_celltype_localization.tsv
FigureS6D	Native ASD-derived NTM score; secondary context	Velmeshev	ASD	NTM2_ASD_down	200	Endothelial	Top 200 native NTM genes	NA	cell_type_localization	0.399953628052912	Native NTM cell-type localization at the stated gene-set threshold; a descriptive reference profile.	Supplementary_FigureS6D_celltype_localization.tsv
FigureS6D	Native ASD-derived NTM score; secondary context	Velmeshev	ASD	NTM2_ASD_down	200	Endothelial	Top 200 native NTM genes	NA	n_donors	31	Modeled donors for this cell type and threshold; 60 in PsychENCODE; 29 for Velmeshev microglia and 31 for each other displayed Velmeshev cell type.	Supplementary_FigureS6D_celltype_localization.tsv
FigureS6D	Native ASD-derived NTM score; secondary context	Velmeshev	ASD	NTM2_ASD_down	200	Excitatory neurons	Top 200 native NTM genes	NA	cell_type_localization	-1.56127046429658	Native NTM cell-type localization at the stated gene-set threshold; a descriptive reference profile.	Supplementary_FigureS6D_celltype_localization.tsv
FigureS6D	Native ASD-derived NTM score; secondary context	Velmeshev	ASD	NTM2_ASD_down	200	Excitatory neurons	Top 200 native NTM genes	NA	n_donors	31	Modeled donors for this cell type and threshold; 60 in PsychENCODE; 29 for Velmeshev microglia and 31 for each other displayed Velmeshev cell type.	Supplementary_FigureS6D_celltype_localization.tsv
FigureS6D	Native ASD-derived NTM score; secondary context	Velmeshev	ASD	NTM2_ASD_down	200	Inhibitory neurons	Top 200 native NTM genes	NA	cell_type_localization	-0.3813320417074659	Native NTM cell-type localization at the stated gene-set threshold; a descriptive reference profile.	Supplementary_FigureS6D_celltype_localization.tsv
FigureS6D	Native ASD-derived NTM score; secondary context	Velmeshev	ASD	NTM2_ASD_down	200	Inhibitory neurons	Top 200 native NTM genes	NA	n_donors	31	Modeled donors for this cell type and threshold; 60 in PsychENCODE; 29 for Velmeshev microglia and 31 for each other displayed Velmeshev cell type.	Supplementary_FigureS6D_celltype_localization.tsv
FigureS6D	Native ASD-derived NTM score; secondary context	Velmeshev	ASD	NTM2_ASD_down	200	Microglia	Top 200 native NTM genes	NA	cell_type_localization	0.602509395581239	Native NTM cell-type localization at the stated gene-set threshold; a descriptive reference profile.	Supplementary_FigureS6D_celltype_localization.tsv
FigureS6D	Native ASD-derived NTM score; secondary context	Velmeshev	ASD	NTM2_ASD_down	200	Microglia	Top 200 native NTM genes	NA	n_donors	29	Modeled donors for this cell type and threshold; 60 in PsychENCODE; 29 for Velmeshev microglia and 31 for each other displayed Velmeshev cell type.	Supplementary_FigureS6D_celltype_localization.tsv
FigureS6D	Native ASD-derived NTM score; secondary context	Velmeshev	ASD	NTM2_ASD_down	200	Oligodendrocytes	Top 200 native NTM genes	NA	cell_type_localization	0.529792353966885	Native NTM cell-type localization at the stated gene-set threshold; a descriptive reference profile.	Supplementary_FigureS6D_celltype_localization.tsv
FigureS6D	Native ASD-derived NTM score; secondary context	Velmeshev	ASD	NTM2_ASD_down	200	Oligodendrocytes	Top 200 native NTM genes	NA	n_donors	31	Modeled donors for this cell type and threshold; 60 in PsychENCODE; 29 for Velmeshev microglia and 31 for each other displayed Velmeshev cell type.	Supplementary_FigureS6D_celltype_localization.tsv
FigureS6D	Native ASD-derived NTM score; secondary context	Velmeshev	ASD	NTM2_ASD_down	200	OPCs	Top 200 native NTM genes	NA	cell_type_localization	0.4492187023114809	Native NTM cell-type localization at the stated gene-set threshold; a descriptive reference profile.	Supplementary_FigureS6D_celltype_localization.tsv
FigureS6D	Native ASD-derived NTM score; secondary context	Velmeshev	ASD	NTM2_ASD_down	200	OPCs	Top 200 native NTM genes	NA	n_donors	31	Modeled donors for this cell type and threshold; 60 in PsychENCODE; 29 for Velmeshev microglia and 31 for each other displayed Velmeshev cell type.	Supplementary_FigureS6D_celltype_localization.tsv
FigureS6D	Native ASD-derived NTM score; secondary context	Velmeshev	ASD	NTM2_ASD_down	500	Endothelial	Top 500 native NTM genes	NA	cell_type_localization	0.414370642228637	Native NTM cell-type localization at the stated gene-set threshold; a descriptive reference profile.	Supplementary_FigureS6D_celltype_localization.tsv
FigureS6D	Native ASD-derived NTM score; secondary context	Velmeshev	ASD	NTM2_ASD_down	500	Endothelial	Top 500 native NTM genes	NA	n_donors	31	Modeled donors for this cell type and threshold; 60 in PsychENCODE; 29 for Velmeshev microglia and 31 for each other displayed Velmeshev cell type.	Supplementary_FigureS6D_celltype_localization.tsv
FigureS6D	Native ASD-derived NTM score; secondary context	Velmeshev	ASD	NTM2_ASD_down	500	Excitatory neurons	Top 500 native NTM genes	NA	cell_type_localization	-1.56664644660913	Native NTM cell-type localization at the stated gene-set threshold; a descriptive reference profile.	Supplementary_FigureS6D_celltype_localization.tsv
FigureS6D	Native ASD-derived NTM score; secondary context	Velmeshev	ASD	NTM2_ASD_down	500	Excitatory neurons	Top 500 native NTM genes	NA	n_donors	31	Modeled donors for this cell type and threshold; 60 in PsychENCODE; 29 for Velmeshev microglia and 31 for each other displayed Velmeshev cell type.	Supplementary_FigureS6D_celltype_localization.tsv
FigureS6D	Native ASD-derived NTM score; secondary context	Velmeshev	ASD	NTM2_ASD_down	500	Inhibitory neurons	Top 500 native NTM genes	NA	cell_type_localization	-0.378602780789624	Native NTM cell-type localization at the stated gene-set threshold; a descriptive reference profile.	Supplementary_FigureS6D_celltype_localization.tsv
FigureS6D	Native ASD-derived NTM score; secondary context	Velmeshev	ASD	NTM2_ASD_down	500	Inhibitory neurons	Top 500 native NTM genes	NA	n_donors	31	Modeled donors for this cell type and threshold; 60 in PsychENCODE; 29 for Velmeshev microglia and 31 for each other displayed Velmeshev cell type.	Supplementary_FigureS6D_celltype_localization.tsv
FigureS6D	Native ASD-derived NTM score; secondary context	Velmeshev	ASD	NTM2_ASD_down	500	Microglia	Top 500 native NTM genes	NA	cell_type_localization	0.597579903069914	Native NTM cell-type localization at the stated gene-set threshold; a descriptive reference profile.	Supplementary_FigureS6D_celltype_localization.tsv
FigureS6D	Native ASD-derived NTM score; secondary context	Velmeshev	ASD	NTM2_ASD_down	500	Microglia	Top 500 native NTM genes	NA	n_donors	29	Modeled donors for this cell type and threshold; 60 in PsychENCODE; 29 for Velmeshev microglia and 31 for each other displayed Velmeshev cell type.	Supplementary_FigureS6D_celltype_localization.tsv
FigureS6D	Native ASD-derived NTM score; secondary context	Velmeshev	ASD	NTM2_ASD_down	500	Oligodendrocytes	Top 500 native NTM genes	NA	cell_type_localization	0.5284056828737999	Native NTM cell-type localization at the stated gene-set threshold; a descriptive reference profile.	Supplementary_FigureS6D_celltype_localization.tsv
FigureS6D	Native ASD-derived NTM score; secondary context	Velmeshev	ASD	NTM2_ASD_down	500	Oligodendrocytes	Top 500 native NTM genes	NA	n_donors	31	Modeled donors for this cell type and threshold; 60 in PsychENCODE; 29 for Velmeshev microglia and 31 for each other displayed Velmeshev cell type.	Supplementary_FigureS6D_celltype_localization.tsv
FigureS6D	Native ASD-derived NTM score; secondary context	Velmeshev	ASD	NTM2_ASD_down	500	OPCs	Top 500 native NTM genes	NA	cell_type_localization	0.4434465413599459	Native NTM cell-type localization at the stated gene-set threshold; a descriptive reference profile.	Supplementary_FigureS6D_celltype_localization.tsv
FigureS6D	Native ASD-derived NTM score; secondary context	Velmeshev	ASD	NTM2_ASD_down	500	OPCs	Top 500 native NTM genes	NA	n_donors	31	Modeled donors for this cell type and threshold; 60 in PsychENCODE; 29 for Velmeshev microglia and 31 for each other displayed Velmeshev cell type.	Supplementary_FigureS6D_celltype_localization.tsv
FigureS6D	Native ASD-derived NTM score; secondary context	Velmeshev	ASD	NTM3_ASD_signed	200	Endothelial	Top 200 native NTM genes	NA	cell_type_localization	0.268932991620266	Native NTM cell-type localization at the stated gene-set threshold; a descriptive reference profile.	Supplementary_FigureS6D_celltype_localization.tsv
FigureS6D	Native ASD-derived NTM score; secondary context	Velmeshev	ASD	NTM3_ASD_signed	200	Endothelial	Top 200 native NTM genes	NA	n_donors	31	Modeled donors for this cell type and threshold; 60 in PsychENCODE; 29 for Velmeshev microglia and 31 for each other displayed Velmeshev cell type.	Supplementary_FigureS6D_celltype_localization.tsv
FigureS6D	Native ASD-derived NTM score; secondary context	Velmeshev	ASD	NTM3_ASD_signed	200	Excitatory neurons	Top 200 native NTM genes	NA	cell_type_localization	-0.131033551083048	Native NTM cell-type localization at the stated gene-set threshold; a descriptive reference profile.	Supplementary_FigureS6D_celltype_localization.tsv
FigureS6D	Native ASD-derived NTM score; secondary context	Velmeshev	ASD	NTM3_ASD_signed	200	Excitatory neurons	Top 200 native NTM genes	NA	n_donors	31	Modeled donors for this cell type and threshold; 60 in PsychENCODE; 29 for Velmeshev microglia and 31 for each other displayed Velmeshev cell type.	Supplementary_FigureS6D_celltype_localization.tsv
FigureS6D	Native ASD-derived NTM score; secondary context	Velmeshev	ASD	NTM3_ASD_signed	200	Inhibitory neurons	Top 200 native NTM genes	NA	cell_type_localization	0.0499163564678758	Native NTM cell-type localization at the stated gene-set threshold; a descriptive reference profile.	Supplementary_FigureS6D_celltype_localization.tsv
FigureS6D	Native ASD-derived NTM score; secondary context	Velmeshev	ASD	NTM3_ASD_signed	200	Inhibitory neurons	Top 200 native NTM genes	NA	n_donors	31	Modeled donors for this cell type and threshold; 60 in PsychENCODE; 29 for Velmeshev microglia and 31 for each other displayed Velmeshev cell type.	Supplementary_FigureS6D_celltype_localization.tsv
FigureS6D	Native ASD-derived NTM score; secondary context	Velmeshev	ASD	NTM3_ASD_signed	200	Microglia	Top 200 native NTM genes	NA	cell_type_localization	-0.0039443645867643	Native NTM cell-type localization at the stated gene-set threshold; a descriptive reference profile.	Supplementary_FigureS6D_celltype_localization.tsv
FigureS6D	Native ASD-derived NTM score; secondary context	Velmeshev	ASD	NTM3_ASD_signed	200	Microglia	Top 200 native NTM genes	NA	n_donors	29	Modeled donors for this cell type and threshold; 60 in PsychENCODE; 29 for Velmeshev microglia and 31 for each other displayed Velmeshev cell type.	Supplementary_FigureS6D_celltype_localization.tsv
FigureS6D	Native ASD-derived NTM score; secondary context	Velmeshev	ASD	NTM3_ASD_signed	200	Oligodendrocytes	Top 200 native NTM genes	NA	cell_type_localization	-0.164173529920895	Native NTM cell-type localization at the stated gene-set threshold; a descriptive reference profile.	Supplementary_FigureS6D_celltype_localization.tsv
FigureS6D	Native ASD-derived NTM score; secondary context	Velmeshev	ASD	NTM3_ASD_signed	200	Oligodendrocytes	Top 200 native NTM genes	NA	n_donors	31	Modeled donors for this cell type and threshold; 60 in PsychENCODE; 29 for Velmeshev microglia and 31 for each other displayed Velmeshev cell type.	Supplementary_FigureS6D_celltype_localization.tsv
FigureS6D	Native ASD-derived NTM score; secondary context	Velmeshev	ASD	NTM3_ASD_signed	200	OPCs	Top 200 native NTM genes	NA	cell_type_localization	-0.0199523776320639	Native NTM cell-type localization at the stated gene-set threshold; a descriptive reference profile.	Supplementary_FigureS6D_celltype_localization.tsv
FigureS6D	Native ASD-derived NTM score; secondary context	Velmeshev	ASD	NTM3_ASD_signed	200	OPCs	Top 200 native NTM genes	NA	n_donors	31	Modeled donors for this cell type and threshold; 60 in PsychENCODE; 29 for Velmeshev microglia and 31 for each other displayed Velmeshev cell type.	Supplementary_FigureS6D_celltype_localization.tsv
FigureS6D	Native ASD-derived NTM score; secondary context	Velmeshev	ASD	NTM3_ASD_signed	500	Endothelial	Top 500 native NTM genes	NA	cell_type_localization	0.2717087264792569	Native NTM cell-type localization at the stated gene-set threshold; a descriptive reference profile.	Supplementary_FigureS6D_celltype_localization.tsv
FigureS6D	Native ASD-derived NTM score; secondary context	Velmeshev	ASD	NTM3_ASD_signed	500	Endothelial	Top 500 native NTM genes	NA	n_donors	31	Modeled donors for this cell type and threshold; 60 in PsychENCODE; 29 for Velmeshev microglia and 31 for each other displayed Velmeshev cell type.	Supplementary_FigureS6D_celltype_localization.tsv
FigureS6D	Native ASD-derived NTM score; secondary context	Velmeshev	ASD	NTM3_ASD_signed	500	Excitatory neurons	Top 500 native NTM genes	NA	cell_type_localization	-0.1563630182809659	Native NTM cell-type localization at the stated gene-set threshold; a descriptive reference profile.	Supplementary_FigureS6D_celltype_localization.tsv
FigureS6D	Native ASD-derived NTM score; secondary context	Velmeshev	ASD	NTM3_ASD_signed	500	Excitatory neurons	Top 500 native NTM genes	NA	n_donors	31	Modeled donors for this cell type and threshold; 60 in PsychENCODE; 29 for Velmeshev microglia and 31 for each other displayed Velmeshev cell type.	Supplementary_FigureS6D_celltype_localization.tsv
FigureS6D	Native ASD-derived NTM score; secondary context	Velmeshev	ASD	NTM3_ASD_signed	500	Inhibitory neurons	Top 500 native NTM genes	NA	cell_type_localization	0.0197664443556364	Native NTM cell-type localization at the stated gene-set threshold; a descriptive reference profile.	Supplementary_FigureS6D_celltype_localization.tsv
FigureS6D	Native ASD-derived NTM score; secondary context	Velmeshev	ASD	NTM3_ASD_signed	500	Inhibitory neurons	Top 500 native NTM genes	NA	n_donors	31	Modeled donors for this cell type and threshold; 60 in PsychENCODE; 29 for Velmeshev microglia and 31 for each other displayed Velmeshev cell type.	Supplementary_FigureS6D_celltype_localization.tsv
FigureS6D	Native ASD-derived NTM score; secondary context	Velmeshev	ASD	NTM3_ASD_signed	500	Microglia	Top 500 native NTM genes	NA	cell_type_localization	0.0277696169797591	Native NTM cell-type localization at the stated gene-set threshold; a descriptive reference profile.	Supplementary_FigureS6D_celltype_localization.tsv
FigureS6D	Native ASD-derived NTM score; secondary context	Velmeshev	ASD	NTM3_ASD_signed	500	Microglia	Top 500 native NTM genes	NA	n_donors	29	Modeled donors for this cell type and threshold; 60 in PsychENCODE; 29 for Velmeshev microglia and 31 for each other displayed Velmeshev cell type.	Supplementary_FigureS6D_celltype_localization.tsv
FigureS6D	Native ASD-derived NTM score; secondary context	Velmeshev	ASD	NTM3_ASD_signed	500	Oligodendrocytes	Top 500 native NTM genes	NA	cell_type_localization	-0.1518581536645879	Native NTM cell-type localization at the stated gene-set threshold; a descriptive reference profile.	Supplementary_FigureS6D_celltype_localization.tsv
FigureS6D	Native ASD-derived NTM score; secondary context	Velmeshev	ASD	NTM3_ASD_signed	500	Oligodendrocytes	Top 500 native NTM genes	NA	n_donors	31	Modeled donors for this cell type and threshold; 60 in PsychENCODE; 29 for Velmeshev microglia and 31 for each other displayed Velmeshev cell type.	Supplementary_FigureS6D_celltype_localization.tsv
FigureS6D	Native ASD-derived NTM score; secondary context	Velmeshev	ASD	NTM3_ASD_signed	500	OPCs	Top 500 native NTM genes	NA	cell_type_localization	-0.0092320276768549	Native NTM cell-type localization at the stated gene-set threshold; a descriptive reference profile.	Supplementary_FigureS6D_celltype_localization.tsv
FigureS6D	Native ASD-derived NTM score; secondary context	Velmeshev	ASD	NTM3_ASD_signed	500	OPCs	Top 500 native NTM genes	NA	n_donors	31	Modeled donors for this cell type and threshold; 60 in PsychENCODE; 29 for Velmeshev microglia and 31 for each other displayed Velmeshev cell type.	Supplementary_FigureS6D_celltype_localization.tsv
