program	top_n	replicate	combo_seed	genes	tier_counts
NTM1_ASD_up	200	1	203609304	PRRX1,RPS29,TRIM13,EIF2S2,FBXW8,EEF2,KCNH4,SRGAP2,SLAIN2,GRAMD1A,PKN1,FAT3,GGH,AKT1,USP49,CSNK1E,EXT2,ZNF496,ARHGAP33,CBX3,APOL4,ZNF226,GDF7,NGB,MTA1,WDR76,LYSMD1,TOR2A,PANK3,NKAIN1,ZNF821,RPL37A,CDH20,ERP29,PARP3,CMTM3,ERMP1,FBLN1,ZDHHC13,ZNF827,SART3,MFHAS1,NOL11,GRB2,KCNJ8,BRAP,NECAB2,ZNF408,DAP,DOLPP1,RPL4,SAMD14,ZNF699,PRPF6,NFX1,DDX39A,PRKCSH,RPS23,PDCL	expr_var_bin:59
NTM1_ASD_up	200	2	203609304	EPB41L4A-AS1,RFX3,FANCC,RAVER1,ZNF211,BFAR,AMMECR1L,SEZ6,PBRM1,IL17RD,COCH,NOS2,SCYL2,MARK3,ZBED5,CDH2,ERCC5,SYT14,SNX7,ERGIC3,ZBTB2,ZNF385A,MTMR10,KDM2B,RPS24,PPM1G,PANK1,STRN4,MAP6,SMAD4,TTLL12,TOR2A,RANBP3L,NGDN,JAK3,FIBIN,PDE8B,DPH5,EIF6,RUFY2,SLC37A3,ZFP64,ZNF616,SNHG6,PATL1,KIAA1328,PLXDC1,VANGL1,EBF4,MMP16,CBX8,ARSJ,TGFBR1,QSER1,GPN1,CSE1L,C17ORF80,STYX,MSH6	expr_var_bin:59
NTM1_ASD_up	200	3	203609304	FNTA,THAP1,MIDN,CFL1,RALGPS1,RBBP9,ARFGAP3,CCT3,KDM6B,RBBP4,WIZ,ISG15,NEURL1B,DALRD3,FBXO30,SLAIN2,FADD,LCMT2,APAF1,VPS37B,SH3GLB1,ZBTB40,TMEM140,DCHS1,DDX49,ZNF229,TANK,RAB10,ZNF214,GART,TTLL12,YKT6,NIN,LHFPL5,SGK2,TRIB3,RAPGEF5,ZBTB2,C16ORF72,ZNF419,AKT3,CAMKMT,MARCH11,PSIP1,CHST11,TNFAIP8L1,TMEM141,STK38,DOCK7,PDAP1,RSPRY1,SLC26A2,TFAP4,MIER3,ITPK1,VEZT,PIWIL4,GRAMD1A,ZNF268	expr_var_bin:59
NTM1_ASD_up	500	1	204609307	LRRC45,RNF5,WDR33,RPL39L,CSE1L,TRIM16L,KDM1A,ETAA1,BCL7A,AC004448.3,SARM1,ASL,SIRT6,BFAR,LDB1,TIGD1,KCTD20,ICAM5,FJX1,C15ORF41,FCHO2,PHYHIPL,HTR1F,ASXL1,C1ORF131,MTSS1,DNAAF2,PPP1R15B,CHTF8,ZNF85,CSGALNACT2,PRPF31,RFX5,ZNF691,FBXO9,UGDH,SPECC1,BHLHE22,NAA16,AXL,GATAD2B,ZNF736,LIMK2,BANF1,PANK1,TUSC2,MYH11,PPIL4,MAZ,PCBP1-AS1,RBBP4,C2CD2L,GMEB1,TOPORS,PLCXD2,SLC37A1,S1PR1,ZNF627,TEX10,ZNF14,DCAF7,ADAMTS6,ERGIC3,TMEFF1,CKAP4,TANK,ACVR1,CEP57,FNBP1L,STK19,PRMT2,THAP2,SOX4,CDC5L,ZNF641,RPL35,ARL5B,WDR18,WDR1,CEP95,ZDHHC18,IVNS1ABP,RPS12,DNAJB5,IFT52,ZNF583,PARP6,H2AFY,NXT1,GAS2L1,SLC45A4,RUFY3,MX1,FANCG,SEMA4B,U2AF1,MARCH5,DBR1,LSM11,PTPN9,CADM1,ZNF610,EEF2,DNAJC17,COG4,ACBD6,HSD17B7,PAAF1,VASH1,PDRG1,TUBB2B,CAD,USP6NL,CCNI,MAPKAP1,EFNB2,ACTN1,C11ORF95,ZNF70,PPP1CC,TICAM1,EIF3H,RRAS2,SECISBP2,ZNF10,ZNF260,AGBL5,MIOS,BZW2,RAD1,QRICH2,HTR1A,MPP6,LRP10,HAUS1,LSS,ITM2C,CTTNBP2NL,RPL26,NFE2L2,TMEM151A,GDA	expr_var_bin:142
NTM1_ASD_up	500	2	204609307	CSRNP3,LRP5,NVL,TMEM39A,GFPT1,PPP4C,FANCG,SFPQ,NGB,RSPRY1,IST1,CCNE1,PSPN,DHRS13,ZNF620,ZSWIM4,NOP2,PPP2R3A,MARCH7,FGFBP3,DNAJB5,BAZ1B,TMEM140,USP42,MTA1,PELI1,FIBIN,ZNF410,ERCC5,NKIRAS2,FBXO42,PCDHB10,FAS,DHPS,PPM1H,PKN1,DNAJA4,DAP,CCNI,ZNF530,PFAS,ZNF131,ZNF551,EIF3I,EEF1B2,PKIB,ZNF714,DERL1,CDC42EP3,CFDP1,GMIP,OAZ2,RBPJ,RBM7,WDYHV1,CPSF3,TACC2,HNRNPUL1,DBR1,C19ORF44,RSL1D1,ELAVL1,PTPN9,ZC3HAV1L,IFT81,PTPN1,CADM4,BCL10,C19ORF57,KPNA2,VASH1,CORO1C,RBM4,A2M,CLVS1,CDC123,CBY1,SNRPC,H3F3B,PLCXD2,TMEM51,LRRC61,RINT1,LOXL3,TUBA1A,NIPBL,TRIM46,FABP7,TRA2A,TESK2,USP2,NUCB2,RIMS3,PFKFB4,TANK,CCDC77,RPL19,EIF3D,BZW1,MARK3,VASN,SERBP1,RBBP9,UBE2D4,ZNF528,HBEGF,ACAT2,RAP1GAP,ST7,SLC30A7,CKAP4,DUSP7,COTL1,KLHL22,TLK1,PDIK1L,RFX5,EVC,WASF3,NFYC,MYO5B,RIMKLB,TUG1,NCOA5,DCHS1,KDM2B,POFUT1,PALB2,CIB2,ZNF793,PRR12,CROCC,CPSF1,RP9,DOK4,ITGAX,DGCR6,NUP107,C19ORF48,QRICH2,SSH3,GRASP	expr_var_bin:142
NTM1_ASD_up	500	3	204609307	ARID3A,ZMYND19,HMGA1,WDR18,RARS,NOX4,MYCN,DDX39A,ZNF772,DACT1,PHF13,IFI6,UBE2J1,PRSS12,CEP78,TMEM44,ZMYM5,ADAMTSL2,FAM171A2,PTPN9,C17ORF58,PAMR1,SLC7A14,EPC1,SEC61B,SMAD4,DOK5,GTF2E2,RP9,NKAIN1,DTD1,ARPC5,PAM,NGDN,LRRC43,IST1,TMC7,CXADR,SLC35B2,DCTN5,GTF3C3,IL1RAP,ALG9,B4GALNT4,DOLPP1,ATG9A,AKAP13,LYAR,KLF6,NBEAL1,CEP135,LRP8,FBXO30,HNRNPD,HS1BP3,NAV2,TGFBR2,IL17RD,ZNF813,ZNF440,IFT81,MEN1,NFE2L3,SRSF3,MASP1,PKN1,PRSS23,EIF4A3,FAM161A,PSMD13,LMAN2L,CCNJ,VPS37D,IER5,GTF2IRD2B,NCOA4,PANK1,AP2B1,TUBA1A,PSMD11,GNG2,RIMKLB,BLCAP,SF3B2,DOK4,ZNF148,PAK1IP1,CBY1,RAC3,KIAA1671,BTBD11,SNRPC,WBP2,REC8,IPMK,TBC1D30,DDX49,ZMYM1,PARP6,DALRD3,LIMD1,BZW2,SLC27A3,QPRT,SAC3D1,HBEGF,KIF2A,HHIP,MAD2L2,SH3BP2,MEX3C,MFGE8,C19ORF57,TPRKB,QKI,ZNF606,DNAH10OS,KCTD5,SRPRB,RPL24,VIPR2,SNRPA,KDELR2,WDR20,RCOR1,VRK1,TP53I11,HLA-E,ZBTB9,GTF3C4,GLTP,TJP1,PTPN14,LRP10,HAUS1,RHOQ,RXFP1,PBRM1,STK38,NTPCR,RHPN1,CA2	expr_var_bin:142
NTM2_ASD_down	200	1	205609310	MBNL2,SLC39A12,ZNF638,SYNJ1,SNURF,ERH,MOBP,KLHL21,AAGAB,GJB6,MINK1,PLLP,CASQ1,PTPDC1,TCTA,LINC00320,GLT1D1,RIMS2,LHPP,TYRO3,EXTL1,RAPGEF4,MLF2,LUZP1,RAB8A,SHISA4,HERC5,PPP1R16B,JDP2,NQO1,ACYP2,GHDC,RASSF5,UBE2F,KCTD17,GPR158,KCNK1,IGFL4,SEMA3C,KBTBD12,PI4K2A,CHST10,SRSF4,GAS2L1,RNF167,PTPN14,RNF6,BCAS1,C9ORF129,CBY1,PCDHB11,FUT1,LRPAP1,ZNF749,WFDC1,MOV10L1,CSRP1,NFKBIB,ZNF233,ETV5,VIPR1,EIF4E1B,EPB41,SYTL2,MOCS3,RIOK3,RSPH1,CX3CL1,DPP8,CAMK2N1,SLC39A11,PUM2	expr_var_bin:72
NTM2_ASD_down	200	2	205609310	HLF,ZBTB40,DYRK1A,PPP1R12B,PDE8B,UBE2S,AATK,TMEM235,CCKBR,ZNF565,SLC45A4,PIP5K1B,TMC7,SPATA2,TPPP3,CA7,MYOM2,CHN1,CSRP1,LPAR1,ENSA,PGP,HAS1,ERMP1,AKT1,ZBTB4,IZUMO4,GLDN,PPP2R3A,MMACHC,CHRD,SIRT2,ELOVL7,IFI6,ATXN1L,PLEKHB1,TYRO3,PCYT1A,CNOT6L,KRT222,ANKH,RAMP3,IST1,GSTO1,CIZ1,NCOA1,CLMN,TP53INP2,HHIP,HMGN4,ZNF594,KCNK3,RHBDD2,SPRYD3,FBXO44,PTGS1,CBX7,SERPINB9,TOP3B,ZNF483,KNDC1,PAAF1,CNOT6,MAG,CREBBP,XRCC6,EPB41L2,RASL10B,DPP8,VIP,NME9,SIDT2	expr_var_bin:72
NTM2_ASD_down	200	3	205609310	OLFM1,POLR3C,FHOD3,NRG4,TRIM25,CDH6,BCAS1,CABLES1,TMEM140,ZNF12,AMPD3,ME1,KCND3,MEF2D,CHRD,ARHGEF37,SLC24A2,EML2,CAPN3,PLLP,MOG,SNPH,WDR12,FAM13C,DGKD,SLC9A2,TBC1D22A,VWA5B2,GEMIN4,PEAK1,GRASP,ZSCAN20,PIN1,BSCL2,ARNT2,PPP1R16B,GABRD,NCDN,CD63,ENPP4,PIP4K2C,RFWD3,GPRIN1,ADCY2,SNX9,SPEN,SNAP25,SEC14L5,EPHX1,DEDD,CCND3,SPECC1,ZSCAN16,DDIT3,RGS5,LMLN,GABRA1,LMOD1,CENPBD1,NT5C1A,TMEM125,SLC46A3,ZFP14,S1PR5,FAM120B,PSAT1,ADAP1,CX3CL1,ESYT3,BIN1,DYNLL2,SNX17	expr_var_bin:72
NTM2_ASD_down	500	1	206609313	EHD3,C2ORF88,AHDC1,PI4K2A,C2CD2,LSM5,RAB40B,STAC2,NSF,CCP110,AMPD3,DAAM2,ITSN2,SPTBN4,IGF1R,RASD2,DENND3,ABLIM2,TEF,NPM2,CADPS2,NIPAL3,COG3,NCKIPSD,NFE2L3,RBP4,EP300,MRO,EPHA7,PLS1,PTHLH,JMJD8,SAMD4A,LCP2,ANKH,PAQR6,MBNL2,MET,DTX4,AHI1,FREM3,TGFBR1,KHSRP,AC022098.1,NOP14,PTER,SLC12A5,TF,TSPAN15,ASCC2,CGREF1,SYNJ2,ZSWIM6,DGKA,SNCB,DDHD2,TACC1,KAT2B,UBE2D4,STXBP5L,KCNMA1,MCHR1,MCM9,SULT1A1,KATNAL2,FXR1,THY1,SEC14L2,KCNH1,ASPHD1,SLC9A8,THBS2,NACC2,FBXO27,DGCR8,CYP46A1,MT1E,EPS15L1,KLK7,ADRA1B,MICALL1,CEND1,XPO5,PNPLA7,UBTD1,DEPTOR,FIGNL1,SCN2B,ANO5,PCDHB11,RCAN3,CAPN3,COBL,POLR2B,FAM107A,HTR1F,TIMP2,PARVB,IFITM10,RPL39L,ARHGEF17,NME7,WDR70,EFCAB2,RHEB,TMEM229A,GPR3,DDN,SERGEF,MYH14,NEK7,CCDC25,HDHD2,GTF2F2,SNCG,CRYBG3,CMYA5,TECPR2,KCNS3,PDZD7,URB2,CHAF1A,GSTM4,KCTD8,RNF220,RUNDC3A,RNF38,ESYT3,MPP5,BMPER,PPP3CA,MYEF2,PKP4,SH3BGR,TPD52L1,GTF2I,CCDC152,AC067956.1,SLC4A4,CHRD,RFPL2,ALG6,ANGEL1,MAN1C1,EEF2,INPP1,EPC2,VIPR1,FBXO2,DGKG,FAM102A,CCAR1,WBP2,BEGAIN,CA14,RIC3,KCNK3,ZFP37,FMN1,PHIP,EPM2AIP1,CARNS1,MYOM2,ANKRD40,ATP6V0A2,CTDSPL2,POLR3H,TRRAP,SSBP2,PLEKHM2,MRAP2,CAMK2G,HMOX2,TNFSF13B,NLRP3,ST3GAL2,TTC39A,ANKRD29,CRYAB,SLC9A2,BRI3BP,RHBDL2,VWA5A,GABRB1,MAP3K7,JARID2,PLEKHA2,ABHD12,CX3CL1,OSGIN2,ZNF483,PDLIM2	expr_var_bin:192
NTM2_ASD_down	500	2	206609313	TMEM144,HAR1A,SLC39A7,RNF220,CHD5,NCOA4,HIPK4,NINJ2,CKB,ZSCAN20,ARHGAP26,TUBA4A,IGFBP6,SH3BGRL2,RSBN1L,TP53INP2,LYPD5,DLGAP3,DBNDD2,ADRA1B,HABP4,SULT1A1,RUNX1T1,TMC7,PPP2R5A,SNCB,DLC1,GPR3,ARID2,CTNNA3,RBP4,GABRA4,CCDC25,TNFRSF14,PTGS1,FGF1,KNDC1,CLN6,FBXW8,GRIN1,SESN1,NAB1,FAM32A,TAP2,ZNF417,FAM153A,RUNDC3A,FAM107B,IPCEF1,FSCN1,LY6E,DLGAP2,BST2,BTN3A3,OMG,TGOLN2,FAM102A,HLA-C,APOL6,RALB,S1PR5,BAIAP3,ASXL3,SYTL2,TRIM14,SHISA6,ARC,XKR7,PDE8B,DTNA,MYADML2,JMY,MFAP3L,CCK,SH3BP1,DDN,KCNIP2,ANKZF1,ELOVL7,APOD,MSH2,NKX6-2,PLCD3,ADARB2,LCA5,FBXO7,ZNF445,KCNK1,ENTPD6,ZNF226,RCAN3,NACC2,LINC00320,SPG21,C1QL2,ARHGEF17,KARS,SUMF1,RAMP1,BTF3L4,EYA4,SCN7A,C9ORF64,GALT,PLCXD2,CAMK1G,EVI2A,S100A6,HEPACAM,AC011995.1,PTPN3,DNM1,EPM2AIP1,CD2BP2,CNDP1,SLC6A13,KCNC2,PLEKHA6,HAPLN2,MAPK9,MVP,VWA5A,ANXA11,NR3C1,ANKH,ENDOD1,CALM2,MAN2A2,TLK1,EPDR1,NR1D2,LGALS1,ENSA,PDE4C,ABCC8,NBPF15,MX1,RYR2,CHD4,RPS6KA4,EMB,ARPC5,FAM13A,AQP9,ACVR2A,SV2B,ZNF426,DGKG,TAPBPL,BCAS1,ABHD12,PAXIP1,SLC20A2,SERPINE2,ALK,CHMP4B,SGK2,MLLT3,STAT5A,FRMD4B,CLPTM1,FBXL16,SLC39A11,KLK7,RSAD2,EIF4A3,KLHL28,B3GNT7,ZNF433,SOX10,AGPAT3,IFIT1,GABRB2,RAPGEF3,INPP5A,TCTEX1D2,ATP10B,NEBL,LHPP,CYGB,RHOG,CD274,PRR5L,HTR4,NOL4,NSD1,PLA2G4C,SLC6A7,IFITM10,CNOT3,TBRG1,KATNAL2	expr_var_bin:192
NTM2_ASD_down	500	3	206609313	NKX6-2,GHDC,WDR74,EIF5A2,KSR2,SLC29A4,KNDC1,NINJ2,ELK4,HHIPL1,IFIT2,GABRD,NT5DC1,RYR2,SHANK3,LHPP,FAM13A,CA7,SLCO1A2,SULT1A1,LINC00320,COBL,PIPOX,SLC2A11,BACH1,SLC6A1,PCTP,DGKG,AGT,GCLM,ZNF33A,PPT1,MLXIPL,TMEM42,CDKL1,IGIP,SGPP2,OSCP1,NOP58,PAIP2B,CACNA1D,SYNE2,FABP7,IL6ST,TRAK2,N4BP1,CD274,ASPDH,HIST1H4H,SMURF2,GPATCH1,HTR3B,RILP,ZNF749,ZNF451,ABCA10,CYS1,GLUL,MPP5,DEPTOR,ADRB1,STK16,ZKSCAN2,MBNL2,SNX24,CTU1,FBXO27,PTHLH,MYOT,SIRPA,GLT1D1,YPEL3,HIPK4,CXCL14,ZNF576,FBXO44,ARC,ZNF329,ALAD,FAM124A,CDK13,ZFYVE28,ASXL1,ZMAT4,CARM1,CACNB4,ICAM5,MBP,ATP9B,FEM1C,BIRC6,ANKRD29,GLDN,S100PBP,NME5,SESN1,CDK8,ARPP21-AS1,TAPBP,FAU,RNF220,TRIM36,ZNF616,CNDP2,IFITM3,AVPI1,CA11,MT1E,RSPH1,THNSL2,PAAF1,CCDC13,PARVB,NCKAP5L,NIPAL2,FGL2,ABCA2,CNTN6,GPRC5B,RFPL2,ZSWIM6,PEX19,TMEM125,NAGPA,SACM1L,RTKN,RNF144A,IFIT3,PPP1R3D,GPR3,ALK,PTPRS,MAL,SLC2A8,CHST6,IPO5,MITF,PDZD7,SART3,PCP4,MIA,ELAVL1,IFFO1,RALBP1,ZNF610,PLEKHM2,ZDHHC14,ANXA11,NPM2,BMPER,NRIP3,ZNF784,DNAJB2,PCDHB9,GPR179,ZNF283,ART3,ZNF669,FMN1,CDK5RAP2,CALCOCO2,MFAP3L,ICMT,FOLH1,UROD,ZNF627,ZBTB40,NDRG3,GALNT1,ARHGAP26,MAN1C1,HLA-DPA1,FN3K,DNAJC5G,NRG4,ORC6,MLLT6,ABHD12,SLC6A7,GLB1L3,TFPT,CMTM4,MOCS3,STAMBPL1,CCT8,CSF1,TRIM17,AATK,RAPGEFL1,CLK2,PTH2R,RLBP1	expr_var_bin:192
NTM3_ASD_signed	200	1	207609316	SCN2B,MAEL,EXOSC2,ACOX2,TP53,PPP1R7,LBH,TMED9,SCN9A,SORL1,NOX4,MAGOHB,NRIP3,VAV2,MINK1,VSTM5,ZNF264,PES1,TGS1,HNRNPUL1,PANK1,ZNF426,HMGN4,AC062028.1,TMEM144,GPX3,CYP2R1,VEZF1,SLC39A11,SETDB1,MAB21L1,UBXN7,SHANK3,ASPDH,DONSON,TIMP2,DSE,RILPL1,HAR1A,EFCAB2,TMEM38A,HHATL,AK5,PVALB,FGD4,PHTF2,IGDCC4,TARS,ESD,EVI2A,ZNF251,REEP1,SYT9,ZNF428,CCK,SLC35F2,LSS,TPMT,PHF2,BEND3,GGPS1,ZBTB37	expr_var_bin:62
NTM3_ASD_signed	200	2	207609316	PPP2R2C,CASC2,HNRNPA1L2,RPUSD2,PTPRZ1,PTGS1,PPM1D,TRAF7,ZMYM4,ZNF831,ARF6,MED16,TMEM144,KLHL25,TNK2,CTDSPL,ARF3,CSRNP2,LIMK2,WDR1,CCDC167,CEP41,C1ORF131,KCTD8,ENSA,MCF2L2,ALKBH2,EPHA7,ZMAT4,XPO5,RCL1,ZFP62,RSBN1L,ANKRD29,PDE9A,ST6GAL2,DNAJB5,KIAA0513,CCNT1,SESN1,NIPAL2,CA11,SCN1B,EHD3,RBM8A,WDR34,DPYSL5,SCLT1,DERL1,NRIP3,TNIK,UBAP2L,MXRA7,KCTD15,XKR7,RPL4,DNAJC17,FAM124A,PTBP2,EPB41,GALNT2,GAD1	expr_var_bin:62
NTM3_ASD_signed	200	3	207609316	RIMS2,SIRT2,DNMT1,CD164,IMPDH1,STX1B,ZNF813,SMNDC1,HIST1H2BD,WBP2,BLMH,LRRC59,SSTR3,GART,IFIT1,CNGB1,PGBD2,RECQL,MTF2,CEP135,TMEM51,SERPINF1,WDR89,UNC80,FAM102A,TRIM66,ST7,ASXL3,ATP9B,ZNF776,RADIL,MLLT3,CAMK2N1,FGF1,ALKBH2,NNAT,XPNPEP1,DOCK10,TPK1,GPBP1L1,PVALB,ALDH1A1,KCNAB2,COBL,ERCC8,VOPP1,PATZ1,PKN1,RFC4,APOL2,MAP3K3,RNGTT,KRT222,C17ORF58,CA4,HNRNPF,VAV1,TMEM125,CSGALNACT2,SYT17,LRRC49,CGRRF1	expr_var_bin:62
NTM3_ASD_signed	500	1	208609319	TOLLIP,ZNF385A,NFIX,ZNF302,TMSB10,CNGB1,SLC39A6,SERTAD2,VEZT,THRB,MGAT4B,MED16,TPPP,PYGO1,PTK2B,MTRR,ZNF226,MED30,ZSCAN21,ZNF682,SH3GL1,FAM163B,TCTN2,RELL2,RIMS2,NEK7,SPARC,TIFA,RALB,WDHD1,PPP1R3G,GEMIN4,UNC13C,COBL,RAC3,ACVR2A,STXBP4,NAPA,PHLDA3,AAGAB,TMEM38A,SYTL2,DAAM2,PLEKHB1,CBX1,SRR,C19ORF57,GNB2,PTPN12,HABP4,DLL1,LUC7L2,SIDT1,CBX3,KCNH3,RSL1D1,URB1,NRIP3,CNOT10,CDK19,MALT1,ZNF891,NRBP1,CPM,TGOLN2,WDR89,TPPP3,GABRA4,KLHL21,ABCA2,ZNF473,RGS11,TALDO1,SIK3,RAB40B,DBNDD2,METTL3,CSDE1,IL1RAP,YPEL2,MN1,CDH6,MCM4,SCYL2,BRD9,SERPINE2,RPAIN,EEF2,SDCCAG8,RPL4,EPB41L4A-AS1,FIGNL1,BAG6,DHX8,RNF13,ZNF227,SNTB2,ITM2B,FXR1,VANGL2,ZNF678,PHTF2,SYT6,DBN1,SCN3A,TIMP2,TSG101,RPS2,TSC22D4,HCLS1,TANK,SNRPD3,ZNF85,DNAJC17,IFIT1,ADRA1B,TLL2,KCTD5,RPP30,FJX1,ARHGAP28,BCL7A,VPS37D,PCM1,ZNF141,LRRC41,RPL35,U2AF2,ZC3H7A,ZNF599,HMOX2,PIAS4,GRIA4,MYO16,ZNF100,ACTG1,CCT4,RSPH1,RALA,GPR153,KDM5A,OAS1,WDR75,TYRO3,WIF1,RPS3A,ATP2B4,FKBP11,DOCK7,ZNF79,PPP4R4,SCN4B,SEC31B,WDR54,ZNF519,SLC35F3,XAF1,CRLF1,GNL3,WFDC1,TNFSF12	expr_var_bin:161
NTM3_ASD_signed	500	2	208609319	APOD,CAPNS1,CENPJ,METTL2B,CD2BP2,TECPR2,ZKSCAN4,RPS15,RARS,MX1,KCTD12,SLC46A1,CARNS1,KCNH4,GALNT6,IGFL4,WIF1,CEP128,DAB1,MYCN,RPL19,SASH1,SCYL2,UGT8,KCNK1,AIF1L,DNAJB5,UBXN7,TAF4B,TMEM108,FGGY,BACH2,CXCL14,MBNL2,AKT1,XPNPEP1,CCDC138,KCNJ12,ISG15,SLC12A1,ANXA11,CSRP1,SLCO1A2,AATK,FEZF2,CFDP1,LRRC61,GPRIN1,AIMP2,CRYAB,ATAD5,PEX2,SLC20A2,KLHDC8A,SERGEF,ZNF45,ATP1A1,ASPA,DAAM1,ANKRD44,RPL8,RAB27B,STIL,SYN2,ALK,ZDHHC18,ST18,HHIPL1,AC134312.1,HTR5A,RAD18,FAM120A,TACC2,FHL2,HLF,PPP4R4,PAXIP1,GEMIN5,CREB1,CNGB1,ZSWIM5,UBE2E3,THSD7B,MYCT1,MOCS2,HRH1,RPL37A,C17ORF58,AC007620.3,ZNF229,PDXDC1,SYNE2,PTBP2,DHX8,GSN,RBM27,SIK3,ZNF519,WNT7A,PPP4R1,MSH6,IPMK,ZBTB6,ZNF92,CCNG1,EIF4G2,PANK1,ZCCHC7,AGAP2,CDC25B,MTA1,RPS27A,FER,AHCYL2,SLC12A5,PRSS3,CPM,RPL4,AC009948.3,KARS,RNF2,ZNF678,SBK1,ZBTB40,TTI2,CHD3,EFNB3,CHIC2,R3HCC1,SMAD4,ESYT3,LYSMD4,ZEB2,PTP4A3,LRPAP1,RND3,IQCG,SCRG1,RAB8A,CSK,ZBTB49,TSGA10,TMEM199,ABLIM2,ASL,NBEAL1,FAM153A,MAPK9,TRAF3IP2-AS1,METTL21A,RAB40B,CBR1,AL450992.2,UBE2S,FRMPD2,GABRA1,UBQLN4,ENTPD3-AS1,ZBTB22,PITPNM3,KLF9	expr_var_bin:161
NTM3_ASD_signed	500	3	208609319	ENSA,RCAN1,NUP50,MERTK,SLC30A7,ZDHHC21,CSPG5,PPDPF,PTDSS1,FAM98A,PDE9A,TRAF7,LPAR1,PARD6G,AVPI1,WNK1,BICD1,SNRNP200,UBTD2,DPYSL3,RASGEF1C,CD59,CTDNEP1,CRELD1,PVALB,MXRA7,ZBTB9,ZNF84,KLHL2,VASH2,SAP130,MORC2,THY1,APOL2,SLC27A3,TCF3,GTF2IRD2,AC058791.1,SERPINI1,DNAJC5G,BCAS1,PLEKHB1,DBNDD2,MAL,HNRNPR,SRSF4,IGFBP2,PSPN,LYAR,NACC2,C19ORF81,SUPT3H,ZBTB16,ST7,ASPHD1,SMARCD1,FBXW2,LHPP,ZNF354A,RAMP3,PPP1CC,MAP4,TALDO1,CTSH,AAK1,WTAP,EFHD2,CEP63,PPP1R3E,ENPP6,RPL12,SULT4A1,SVIL,RAPGEF3,SH2D5,SNPH,NUP214,PHF12,SESTD1,STAT1,MARCH11,FAU,DUSP12,MMP24,ABCA5,GM2A,XKR8,RRAS2,CBS,CSRP2,EIF2AK3,TRDMT1,ZNF254,AIMP1,MYLK4,EXOC5,CNDP2,YTHDF2,C5ORF24,DCAF12,C18ORF54,LSM7,HNRNPA1,RND3,SRSF12,NACA,GGH,LIX1L,TMEM141,GABRA2,SIRT6,FBLL1,AMMECR1L,RCAN3,CCDC69,DGKG,LPCAT4,LRRC55,EVL,C16ORF87,RNPEP,SPAST,SLC35F2,CGREF1,ETAA1,CSNK1A1,SOS1,PXDN,PIGC,RSL1D1,RIMS3,MAP4K5,LRRC4C,TTC13,NDRG2,WDR76,USP21,KCNIP3,CDHR2,CTBP2,APOL1,AL132709.8,CD2BP2,GLDN,DICER1,NUP43,AKAP9,KALRN,CBX3,MYH11,CNDP1,KLHDC9,PAAF1,RANBP17,ZC3H10,GABRD,MEG3,NCKIPSD,ZDHHC13,IFITM10,IGF1R	expr_var_bin:161
