figure_source_file	rows	columns	sha256
Fig1A_method_components.tsv	6	panel;display_order;component_type;component;definition	3e5bcb776e5aa62a2e426544bc70fe96ea38feca287a07aeadae013efebfe62c
Fig1B_method_components.tsv	5	panel;display_order;component_type;component;definition	00c1492dd01e709847082b53e67e2ca1d67b38d1af7b4b0d77960cce85a898e1
Fig1C_method_components.tsv	4	panel;display_order;component_type;component;definition	3efde7f710598377f41dd69877ab2ac141cd2f4c421259ebb25328cb9690dffc
Fig1_method_components.tsv	15	panel;display_order;component_type;component;definition	b9c425977d17608b02faa13851d7150c14fc8b2cf4a1e92343242a910208b956
Fig2A_stage_profiles.tsv	36	program;top_n;state_id;stage_order;magnitude_cosine;cosine_z;stage_affinity_z_softmax;stage_rank;top_stage;localization_contrast	1c8c21abfbc81138d6e0c3902db911a405542e130c6a927fe058145e110a1ded
Fig2B_contrast_null_interval.tsv	6	program;top_n;observed_top_stage;observed_localization_contrast;null_localization_contrast_median;null_localization_contrast_q025;null_localization_contrast_q975;empirical_P_two_sided;BH_FDR_two_sided;null_top_stage_frequency_observed	8ad80a07ad3d3677c4dddca01fd7df3acb241af1a6dc3c0796710f32478b0e13
Fig2C_empirical_null_replicates.tsv	6000	program;top_n;replicate;localization_contrast;null_top_stage;positive_residual;negative_residual;converged;combo_seed;cosine_early_prenatal;cosine_mid_prenatal;cosine_late_prenatal;cosine_early_postnatal;cosine_childhood_adolescence;cosine_adulthood;observed_top_stage;observed_localization_contrast;null_localization_contrast_median;null_localization_contrast_q025;null_localization_contrast_q975;empirical_P_two_sided;BH_FDR_two_sided;null_top_stage_frequency_observed	a549ce15d6a37d583ba30463afc7c974f3264d1242e7b93313346e40e5507d79
Fig2C_top_stage_null_frequency.tsv	36	program;top_n;stage;frequency	10944041a0b23ce5346ce540aec72dc4bb37e6bf39b97c17c1afd30d4d71409e
Fig2D_observed_stage_frequency.tsv	6	program;top_n;observed_top_stage;observed_localization_contrast;null_localization_contrast_median;null_localization_contrast_q025;null_localization_contrast_q975;empirical_P_two_sided;BH_FDR_two_sided;null_top_stage_frequency_observed	8ad80a07ad3d3677c4dddca01fd7df3acb241af1a6dc3c0796710f32478b0e13
Fig2D_summary.tsv	6	program;top_n;observed_top_stage;observed_localization_contrast;null_localization_contrast_median;null_localization_contrast_q025;null_localization_contrast_q975;empirical_P_two_sided;BH_FDR_two_sided;null_top_stage_frequency_observed	8ad80a07ad3d3677c4dddca01fd7df3acb241af1a6dc3c0796710f32478b0e13
Fig3A_NTM3_channel_profiles.tsv	24	program;top_n;channel;state_id;channel_cosine;stage_order	6396003c45376d0e94959d03165619bdc7e058875b1421ce9d3dcd50e3d795e0
Fig3B_all_channel_heatmap.tsv	72	program;top_n;channel;state_id;channel_cosine;stage_order	5d08da6ab09609c8601a80444b88d95920aa22a9cfc5a3a463d0208c3a545cc0
Fig3C_readout_contrasts.tsv	24	program;top_n;readout;localization_contrast	912a561f3f2dfd2dd1023cf11055181e5743e3d462e79250233f829f41c34c1d
Fig3D_channel_composition.tsv	12	program;top_n;channel;channel_present;n_restart_genes;channel_mass_before_normalization;channel_mass_share_of_total_abs_weight;top_stage;top_stage_channel_cosine;prenatal_localization;postnatal_localization;localization_contrast;prenatal_or_postnatal	063a576f26ad3dfb7893c1389f58118abbc155275853acd97326a4520422922b
Fig3_channels.tsv	24	program;top_n;channel;channel_present;n_restart_genes;channel_mass_before_normalization;channel_mass_share_of_total_abs_weight;top_stage;top_stage_channel_cosine;prenatal_localization;postnatal_localization;localization_contrast;prenatal_or_postnatal	7be932a1bdce49dc2ac1ab6b5ec41b4422662fd63ea4b9f6ef5c4f7c6596bfc3
Fig4A_forest.tsv	24	cohort;chosen_input_role;method;program;top_n;n_common_genes;score_mean;score_SD_before_standardization;standardized_beta;standardized_SE;t;p_value;n;n_ASD;n_Control;covariates;original_scale_beta;original_scale_t;gate_t_max_abs_dev_vs_original;gate_p_max_abs_dev_vs_original;gate_beta_minus_std_beta_x_sd_max_abs;fdr_BH_within_external_family_36;ci_low;ci_high;df_resid;ci_method	18a7bc151f351393e22d5722d38e98915ed63f9627f106d68fd112563e66c8d6
Fig4B_paired_beta.tsv	12	cohort;program;top_n;NATIVE_SIGNED_MODULE_standardized_beta;NATIVE_SIGNED_MODULE_standardized_SE;NATIVE_SIGNED_MODULE_t;NATIVE_SIGNED_MODULE_p;NATIVE_SIGNED_MODULE_fdr;NATIVE_SIGNED_MODULE_score_SD;NATIVE_SIGNED_MODULE_n_common;SIGNED_GENE_PPR_standardized_beta;SIGNED_GENE_PPR_standardized_SE;SIGNED_GENE_PPR_t;SIGNED_GENE_PPR_p;SIGNED_GENE_PPR_fdr;SIGNED_GENE_PPR_score_SD;SIGNED_GENE_PPR_n_common;UNSIGNED_GENE_PPR_standardized_beta;UNSIGNED_GENE_PPR_standardized_SE;UNSIGNED_GENE_PPR_t;UNSIGNED_GENE_PPR_p;UNSIGNED_GENE_PPR_fdr;UNSIGNED_GENE_PPR_score_SD;UNSIGNED_GENE_PPR_n_common;delta_standardized_beta_signed_minus_native;delta_standardized_beta_unsigned_minus_native;delta_standardized_beta_signed_minus_unsigned;sign_concordant_standardized_signed_vs_native;sign_concordant_standardized_unsigned_vs_native	619b9e654ec1dce7f46457d3a4faf6fe8d5dfb858303d4613a47bc9d6233e2c1
Fig4C_effect_FDR_matrix.tsv	24	cohort;program;top_n;method;standardized_beta;fdr	0fa7582591f361ee58cb6dabc62ddfb426940b47322808d87d6a30eebe56436c
Fig4D_cohort_summary.tsv	2	cohort;direction_concordant_n;native_fdr_significant_n;signed_ppr_fdr_significant_n;comparison_denominator;median_signed_minus_native_beta	c8a55239f798154da4f620fea9f93b6cd3ef7022ac5b45cb96eb35d5e5512ff3
Fig5A_condition_matrix.tsv	78	benchmark;design;condition;perturbation_dimension;raw_value;within_design_scaled_value	a55b69b7a5f6bd3b887a71a854a4915d88565743f4df973f0adeab18335a539f
Fig5B_developmental_metrics.tsv	24	benchmark;method;n;alignment_hit_top1_mean;best_true_state_rank_mean;true_stage_mass_defined_n;true_stage_mass_mean;gene_auroc_mean;gene_auprc_mean;precision_at_50_mean;n_direction_defined;direction_recovery_accuracy_mean	f151ba01d353691bfb01567a6b1586bf47cbf6d84b86644217d0059c349fd831
Fig5C_gene_metrics.tsv	24	benchmark;method;n;alignment_hit_top1_mean;best_true_state_rank_mean;true_stage_mass_defined_n;true_stage_mass_mean;gene_auroc_mean;gene_auprc_mean;precision_at_50_mean;n_direction_defined;direction_recovery_accuracy_mean	f151ba01d353691bfb01567a6b1586bf47cbf6d84b86644217d0059c349fd831
Fig5D_tradeoff.tsv	12	benchmark;method;n;alignment_hit_top1_mean;best_true_state_rank_mean;true_stage_mass_defined_n;true_stage_mass_mean;gene_auroc_mean;gene_auprc_mean;precision_at_50_mean;n_direction_defined;direction_recovery_accuracy_mean	9a625e50e614878a22d921e431aa566e5b438ee0a3c966e173a8263387fdd606
MDD_individual_models.tsv	6	dataset;target_dx;program;top_n;n_common_genes;overlap_rate;beta_target_vs_Control;se;t;p_value;auc_target_vs_Control;n;n_target;n_Control;covariates;fdr;direction_positive;df_resid;ci_method;ci_low;ci_high	fdc9d285a07304be506028ab4640e7931e73ffb83fb4b67556b82e4dd8dc7848
Supplementary_FigureS1A_threshold_stage_profiles.tsv	72	program;top_n;state_id;stage_order;magnitude_cosine;cosine_z;stage_affinity_z_softmax;stage_rank;top_stage;localization_contrast	d7b8e2040239d9df279af5391fe63b0709cce8228b2d0facc8c87e76310aebe6
Supplementary_FigureS1B_top_stage_calls.tsv	12	program;top_n;top_stage;top_stage_magnitude_cosine;second_stage;second_stage_magnitude_cosine;top_stage_margin;localization_contrast;prenatal_or_postnatal;affinity_prenatal;affinity_postnatal;n_module_genes;n_mapped_to_gene_network	2702b1da9f5b35b6e181f601aea531410da28f5e82543eb8fbbeeff012054d98
Supplementary_FigureS1C_threshold_contrasts.tsv	12	program;top_n;prenatal_localization;postnatal_localization;localization_contrast;prenatal_or_postnatal	4dcd0ad6bcf2727fd443e973ccbea4d2b17ea9aa59f345d0c20386b2318d7054
Supplementary_FigureS1D_gene_counts.tsv	24	program;top_n;n_module_genes;n_mapped_to_gene_network;channel;n_restart_genes;channel_mass_share_of_total_abs_weight	a679b46c3d776574fe96525ae8ad0f61843f776cf0e47abd2f7fd0a2cf2d6cf8
Supplementary_FigureS2A_alignment_hit_top1_mean.tsv	144	benchmark;condition;method;n_replicates;alignment_hit_top1_mean	d687893681d1bf439069480744b91ff8d5404d759f0f4bb4b119f8ec1bf0419a
Supplementary_FigureS2B_true_stage_mass_mean.tsv	144	benchmark;condition;method;n_replicates;true_stage_mass_mean	4e83cccb29786b300ca125db2360cd9d9840f632a4631080e7d361b9ec36184a
Supplementary_FigureS2C_gene_auprc_mean.tsv	144	benchmark;condition;method;n_replicates;gene_auprc_mean	b886a2ba9ee29123a8b5263cdb2b6fc6fe8be363644cbeac41631d135b427f4a
Supplementary_FigureS2D_precision_at_50_mean.tsv	144	benchmark;condition;method;n_replicates;precision_at_50_mean	a7c261815dd636b5863bb06f70193b0fb2ba2208182a444f84cbec4ee5ba7834
Supplementary_FigureS3_empirical_null_distributions.tsv	6000	program;top_n;replicate;localization_contrast;null_top_stage;positive_residual;negative_residual;converged;combo_seed;cosine_early_prenatal;cosine_mid_prenatal;cosine_late_prenatal;cosine_early_postnatal;cosine_childhood_adolescence;cosine_adulthood;observed_top_stage;observed_localization_contrast;null_localization_contrast_median;null_localization_contrast_q025;null_localization_contrast_q975;empirical_P_two_sided;BH_FDR_two_sided;null_top_stage_frequency_observed	a549ce15d6a37d583ba30463afc7c974f3264d1242e7b93313346e40e5507d79
Supplementary_FigureS4A_q_pos_profiles.tsv	36	program;top_n;channel;state_id;channel_cosine;stage_order	0806cee9ee2954bab3c84059de950f4a7e665f853f59822e20f943fb8ed20042
Supplementary_FigureS4B_q_neg_profiles.tsv	36	program;top_n;channel;state_id;channel_cosine;stage_order	630306a652b7948eb4ccb564330c5a33626e86662bfee643dd5a1ced54970917
Supplementary_FigureS4C_channel_contrasts.tsv	12	program;top_n;channel;localization_contrast;readout	c8e0507ba1077c8303b7eadcbeb1d178fde54238ef99f737d4366d84f5a4c58b
Supplementary_FigureS4D_channel_composition.tsv	12	program;top_n;channel;channel_present;n_restart_genes;channel_mass_before_normalization;channel_mass_share_of_total_abs_weight;top_stage;top_stage_channel_cosine;prenatal_localization;postnatal_localization;localization_contrast;prenatal_or_postnatal	063a576f26ad3dfb7893c1389f58118abbc155275853acd97326a4520422922b
Supplementary_FigureS5A_NATIVE_SIGNED_MODULE.tsv	12	cohort;chosen_input_role;method;program;top_n;n_common_genes;score_mean;score_SD_before_standardization;standardized_beta;standardized_SE;t;p_value;n;n_ASD;n_Control;covariates;original_scale_beta;original_scale_t;gate_t_max_abs_dev_vs_original;gate_p_max_abs_dev_vs_original;gate_beta_minus_std_beta_x_sd_max_abs;fdr_BH_within_external_family_36;ci_low;ci_high;df_resid;ci_method	65d09252478ed997d4e4dd69274ad3880666dc36dd4bb208cc1aa44550f09a71
Supplementary_FigureS5B_SIGNED_GENE_PPR.tsv	12	cohort;chosen_input_role;method;program;top_n;n_common_genes;score_mean;score_SD_before_standardization;standardized_beta;standardized_SE;t;p_value;n;n_ASD;n_Control;covariates;original_scale_beta;original_scale_t;gate_t_max_abs_dev_vs_original;gate_p_max_abs_dev_vs_original;gate_beta_minus_std_beta_x_sd_max_abs;fdr_BH_within_external_family_36;ci_low;ci_high;df_resid;ci_method	7bcd2bcf53661f9d727c74a5a7bac1c9314e3215abe9240f3263994a078581ec
Supplementary_FigureS5C_UNSIGNED_GENE_PPR.tsv	12	cohort;chosen_input_role;method;program;top_n;n_common_genes;score_mean;score_SD_before_standardization;standardized_beta;standardized_SE;t;p_value;n;n_ASD;n_Control;covariates;original_scale_beta;original_scale_t;gate_t_max_abs_dev_vs_original;gate_p_max_abs_dev_vs_original;gate_beta_minus_std_beta_x_sd_max_abs;fdr_BH_within_external_family_36;ci_low;ci_high;df_resid;ci_method	6facc5b12abab618c950b87a3c8994e31f8519c2d28c206fa6730504e3389484
Supplementary_FigureS5D_mapping_and_score_sd.tsv	36	cohort;method;program;top_n;n_common_genes;score_SD_before_standardization	f08146db90a4062c30b48d1d10e1f966fb11e7abbd754f1f21723d3e75d46c34
Supplementary_FigureS6A_marker_PC_adjustment.tsv	3	module;adjustment;log2_ratio;log2_min;log2_max;ratio;n_cohorts;seg_ymin;seg_ymax	a6c1eb99916b58ec1c6644929f44136c062a0d851952317958590be9da9eb97c
Supplementary_FigureS6B_all_marker_adjustment.tsv	3	module;adjustment;log2_ratio;log2_min;log2_max;ratio;n_cohorts;seg_ymin;seg_ymax	744ccb70314054c2a5c87d05e4bab53e7ebbf3db0997aacb90162dfcd7c88a71
Supplementary_FigureS6C_NNLS_adjustment.tsv	6	dataset;program;module;top_n;adjustment;beta_ratio;seg_ymin;seg_ymax	74d7ebc2723662ba520cce171b4d0947e366876c956bdb293564c1285125c95a
Supplementary_FigureS6D_celltype_localization.tsv	78	dataset;celltype;module;value;n_donors;source_profile_index;display_mean_across_source_profiles	92d05e5e5129e88ba48d2ed0eb6bca48fdd9847ee7ca9fbbdf845472b89c41ce
Supplementary_FigureS7A_cross_disorder_heatmap.tsv	9	disease;module;beta;n_datasets	49591960caa388fd075f6bd7914f4ca689e185bbd4b29ca1429b8ee7a0276fc8
Supplementary_FigureS7B_disease_summary.tsv	3	disease;n_tests;n_positive;positive_rate;label	b2fe8ee7f8fc1798f675476fb615f7660f1763961f011c5abdc03399be611ac6
Supplementary_FigureS7C_MDD_forest.tsv	3	dataset;target_dx;program;top_n;n_common_genes;overlap_rate;beta_target_vs_Control;se;t;p_value;auc_target_vs_Control;n;n_target;n_Control;covariates;direction_positive;module;ci_low;ci_high;within_disease_fdr;df_resid;ci_method	af23e9aaf6bed30bef9ad06fea72ccf1e7dbe4203b2b76428a025c2838598971
